code_prefix,item_number,code_suffix,product_type_name,product,size,category,item_description,item_class_code,jpeg,raw_image
L,101,"","","","","","LMF SENIOR 50#",FARMERS,"",""
L,201,"","","","","","LMF SUPER SUPP 'G' 50#",FARMERS,"",""
L,450,"","","","","","LMF GOLD 50#",FARMERS,"",""
L,600,"","","","","","LMF LOW-CARB STAGE 1 50#",FARMERS,"",""
L,650,"","","","","","LMF LOW CARB COMPLETE 50#",FARMERS,"",""
CS,701,"","NO MELT","SINGLE SUET BASKETS","8/ case","WILD BIRD SUET","","","",""
"",750,"","","","","","PEARLED BARLEY 50#",SINGLE,"",""
L,850,"","","","","","LMF PERFORMANCE 'G' 50#",FARMERS,"",""
L,901,"","","","","","LMF SHOW TIME 'G'  50#",FARMERS,"",""
"",1404,"","","","","","CHARCOAL 50#",SINGLE,"",""
"",2890,"","","","","","""BARLEY ROLLED 70#""",FARMERS,"",""
"",2902,"","","","","","""CORN ROLLED 70#""",FARMERS,"",""
"",2916,"","","","","","""OATS CRIMPED""",FARMERS,"",""
"",9550,"","","""BARLEY R/C MALT""",50,"RECLEANED GRAINS","""BARLEY R/C MALT 50#""",SINGLE,"",""
"",10000,"","","SUPER SCRATCH",50,GAMEBIRD,"SUPER SCRATCH 50#","GAME BIRD","",""
"",10000,"","","SUPER SCRATCH",50,GAMEBIRD,"SUPER SCRATCH 50#","GAME BIRD","",""
6,10002,"","","","","","BEST PET CANARY 6/2#",BEST,"",""
6,10004,"","","","","","BEST PET CANARY 6/4#",BEST,"",""
6,10020,"","","","","","BEST PET CANARY 20#",BEST,"",""
6,10020,"","","","","","BEST PET CANARY 20#",BEST,"",""
"",10025,"","","","","","BUCKWHEAT 25#",SINGLE,"",""
"",10025,"","","","","","BUCKWHEAT 25#",SINGLE,"",""
"",10050,"","",BUCKWHEAT,50,"SINGLE SEED","BUCKWHEAT 50#",SINGLE,"",""
"",10050,"","",BUCKWHEAT,50,"SINGLE SEED","BUCKWHEAT 50#",SINGLE,"",""
"",10050,"","",BUCKWHEAT,50,"SINGLE SEED","BUCKWHEAT 50#",SINGLE,"",""
"",10050,"","",BUCKWHEAT,50,"SINGLE SEED","BUCKWHEAT 50#",SINGLE,"",""
"",10075,"","","SUPER SCRATCH",75,GAMEBIRD,"SUPER SCRATCH 75#","GAME BIRD","",""
"",10075,"","","SUPER SCRATCH",75,GAMEBIRD,"SUPER SCRATCH 75#","GAME BIRD","",""
6,10202,"","","","","","BEST PET FINCH 6/2#",BEST,"",""
6,10204,"","","","","","BEST PET FINCH 6/4#",BEST,"",""
6,10220,"","","","","","BEST PET FINCH 20#",BEST,"",""
6,10220,"","","","","","BEST PET FINCH 20#",BEST,"",""
6,10220,"","","","","","BEST PET FINCH 20#",BEST,"",""
6,10302,"","","","","","BEST PET COCKATIEL 6/2#",BEST,"",""
6,10304,"","","","","","BEST PET COCKATIEL 6/4#",BEST,"",""
6,10320,"","","","","","BEST PET COCKATIEL 20#",BEST,"",""
"",10350,"","","WINNER'S SCRATCH",50,GAMEBIRD,"WINNER'S SCRATCH 50#","GAME BIRD","",""
"",10375,"","","WINNER'S SCRATCH ",75,GAMEBIRD,"WINNER'S SCRATCH 75#","GAME BIRD","",""
6,10420,"","","","","","BEST PET LARGE HOOKBILL 20#",BEST,"",""
6,10435,"","","","","","BEST PET LARGE HOOKBILL 6/3.5#",BEST,"",""
"",10500,"","","","","","BANANA CHIPS 14#",SINGLE,"",""
6,10520,"","","","","","""BEST PET PARROT NO SUN 20#""",BEST,"",""
6,10535,"","","","","","""BEST PET PARROT NO SUN 6/3.5#""",BEST,"",""
"",10540,"","","","","","CARROT DICES 51#",SINGLE,"",""
"",10545,"","","","","","CARROT GRANULES 44#",SINGLE,"",""
6,10620,"","","","","","BEST PET MEDIUM HOOKBILL 20#",BEST,"",""
6,10620,"","","","","","BEST PET MEDIUM HOOKBILL 20#",BEST,"",""
6,10635,"","","","","","BEST PET MEDIUM HOOKBILL 6/3.5#",BEST,"",""
6,10720,"","","","","","BEST PET PARROT W/SUN 20#",BEST,"",""
6,10735,"","","","","","BEST PET PARROT W/SUN 6/3.5#",BEST,"",""
"",10750,"","","","","","""LENTILS RED 50#""",SINGLE,"",""
6,10802,"","","","","","BEST PET PARAKEET 6/2#",BEST,"",""
6,10804,"","","","","","BEST PET PARAKEET 6/4#",BEST,"",""
6,10820,"","","","","","BEST PET PARAKEET 20#",BEST,"",""
6,10820,"","","","","","BEST PET PARAKEET 20#",BEST,"",""
"",10850,"","","","","","""LENTILS COMMON""",SINGLE,"",""
"",10850,"","","","","","""LENTILS COMMON""",SINGLE,"",""
6,11002,"","","","","","BEST PET CONURE/LOVEBIRD/ PARROLET 6/2#",BEST,"",""
6,11004,"","","","","","BEST PET CONURE/LOVEBIRD/PARROTLET 6/4#",BEST,"",""
6,11020,"","","","","","BEST PET CONURE/LOVEBIRD/PARROTLET 20#",BEST,"",""
"",11025,"","","CANARY SEED",25,"SINGLE SEED","CANARY SEED 25#",SINGLE,https://s3-us-west-1.amazonaws.com/seedfactory/original_images/015939110256.jpg,https://s3-us-west-1.amazonaws.com/seedfactory/original_images/015939110256+raw.nef
"",11050,"","","CANARY SEED",50,"SINGLE SEED","CANARY SEED 50#",SINGLE,"",""
"",11120,"","","","","","VP CANARY ENRICHED 20#","VP ENT","",""
7,11120,"","","","","","W B STATION PREM BLEND 20#","VK SPECIAL","",""
7,11140,"","","","","","W B STATION PREM BLEND 40#","VK SPECIAL","",""
"",11220,"","","","","","VP COCKATIEL ENRICHED 20#","VP ENT","",""
"",11306,"","","INDIAN CORN ON THE COB",5/6,"WILD BIRD","INDIAN CORN ON THE COB 5/6#",SINGLE,"",""
"",11320,"","","INDIAN CORN ON THE COB",20,"WILD BIRD","INDIAN CORN ON THE COB 20#",SINGLE,"",""
"",11406,"","","CORN ON THE COB",5/6,"WILD BIRD","CORN ON THE COB 5/6#",SINGLE,"",""
"",11420,"","","CORN ON THE COB",20,"WILD BIRD","CORN ON THE COB 20#",SINGLE,"",""
"",11520,"","","","","","VP FINCH ENRICHED 20#","VP ENT","",""
"",11525,"","","","","","""CORN DENT 25#""",SINGLE,"",""
"",11550,"","","""CORN R/C YELLOW""",50,"RECLEANED GRAINS","""CORN DENT 50#""",SINGLE,"",""
"",11620,"","","","","","VP HAMSTER ENRICHED/TREAT 20#","VP ENT","",""
"",11725,"","","""CORN CRACKED""",25,"RECLEANED GRAINS","CRACKED CORN 25#",SINGLE,https://s3-us-west-1.amazonaws.com/seedfactory/original_images/015939117255.jpg,https://s3-us-west-1.amazonaws.com/seedfactory/original_images/015939117255+raw.nef
"",11750,"","","""CORN CRACKED""",50,"RECLEANED GRAINS","CRACKED CORN 50#",SINGLE,"",""
"",11820,"","","","","","VP PARAKEET ENRICHED 20#","VP ENT","",""
"",11920,"","","","","","VP PARROT ENRICHED 20#","VP ENT","",""
"",12025,"","",FLAX,25,"SINGLE SEED","FLAX SEED 25#",SINGLE,https://s3-us-west-1.amazonaws.com/seedfactory/original_images/015939120255.jpg,https://s3-us-west-1.amazonaws.com/seedfactory/original_images/015939120255+raw.nef
"",12050,"","",FLAX,50,"SINGLE SEED","FLAX 50#",SINGLE,"",""
"",12120,"","","","","","VP COCKATIEL FORTIFIED 20#","VP ENT","",""
"",12125,"","",HEMP,25,"SINGLE SEED","HEMP SEED 25#",SINGLE,"",""
"",12140,"","","","","","VP COCKATIEL FORTIFIED 40#","VP ENT","",""
"",12150,"","",HEMP,50,"","HEMP 50#",SINGLE,"",""
CS,12501,"","HIGH ENERGY","HIGH ENERGY SUET","11.75 oz","WILD BIRD SUET","HIGH ENERGY SUET 12/CASE",SUET,"",""
CS,12507,"","NO MELT","PEANUT DELIGHT","11.75 oz","WILD BIRD SUET","PEANUT DELIGHT 12/CASE",SUET,"",""
CS,12509,"","HIGH ENERGY","PEANUT TREAT","11 oz","WILD BIRD SUET","PEANUT TREAT 12/CASE",SUET,"",""
CS,12513,"","HIGH ENERGY","PARTY MIX","11 oz","WILD BIRD SUET","PARTY MIX 12/CASE",SUET,"",""
CS,12517,"","NO MELT","CALCIUM DELIGHT ","13.25 oz","WILD BIRD SUET","CALCIUM DELIGHT 12/CASE",SUET,"",""
CS,12529,"","NO MELT","ORANGE DELIGHT ","11.75 oz","WILD BIRD SUET","ORANGE DELIGHT 12/CASE",SUET,"",""
CS,12533,"","NO MELT","INSECT DELIGHT","11.75 oz","WILD BIRD SUET","INSECT DELIGHT 12/CASE",SUET,"",""
CS,12543,"","NO MELT","BERRY DELIGHT","11.75 oz","WILD BIRD SUET","BERRY DELIGHT 12/CASE",SUET,"",""
"",12552,"","","","","","HEMP SEED 6/2#",SINGLE,"",""
CS,12553,"","NO MELT","HOT PEPPER DELIGHT","11.75 oz","WILD BIRD SUET","HOT PEPPER DELIGHT 12/CASE",SUET,"",""
CS,12559,"","HIGH ENERGY","NUTTY TREAT","11.75 oz","WILD BIRD SUET","NUTTY TREAT 12/CASE",SUET,"",""
CS,12561,"","HIGH ENERGY","ORANGE TREAT","11.75 oz","WILD BIRD SUET","ORANGE TREAT 12/CASE",SUET,"",""
CS,12571,"","NO MELT","WOODPECKER DELIGHT","11.75 oz","WILD BIRD SUET","WOODPECKER DELIGHT NO MELT 12/CASE",SUET,"",""
CS,12581,"","NO MELT","PEANUT BUTTER DELIGHT","11.75 oz","WILD BIRD SUET","PEANUT BUTTER DELIGHT 12/CASE",SUET,"",""
CS,12583,"","NO MELT","MEALWORM DELIGHT","11.75 oz","WILD BIRD SUET","MEALWORM DELIGHT 12/CASE",SUET,"",""
"",12625,"","","","","","VP PARROT FORTIFIED 25#","VP ENT","",""
"",12650,"","","","","","VP PARROT FORTIFIED 50#","VP ENT","",""
"",12820,"","","","","","VP LARGE HOOKBILL FORTIFIED 20#","VP ENT","",""
"",12840,"","","","","","VP LARGE HOOKBILL FORTIFIED 40#","VP ENT","",""
6,13004,"","","","","","BEST PET GUINEA PIG 6/4#",BEST,"",""
6,13020,"","","","","","BEST PET GUINEA PIG 20#",BEST,"",""
"",13025,"","","","","","VP CANARY ROLLER MIX 25#","VP ENT","",""
"",13050,"","","","","","VP CANARY ROLLER MIX 50#","VP ENT","",""
"",13125,"","","","","","VP COCKATIEL PREMIUM 25#","VP ENT","",""
"",13150,"","","","","","VP COCKATIEL PREMIUM 50#","VP ENT","",""
"",13225,"","","","","","VP COCKATIEL SPECIAL W/SUNFLOWER 25#","VP ENT","",""
"",13250,"","","","","","VP COCKATIEL SPECIAL W/SUNFLOWER 50#","VP ENT","",""
6,13420,"","","","","","""BEST PET HAMSTER MICE RATS 20#""",BEST,"",""
6,13424,"","","","","","""BEST PET HAMSTER MICE RATS 6/24OZ""",BEST,"",""
"",13425,"","","","","","VP DOVE & QUAIL 25#","VP ENT","",""
6,13435,"","","","","","""BEST PET HAMSTER MICE RATS 6/3.5#""",BEST,"",""
"",13450,"","","","","","VP DOVE & QUAIL 50#","VP ENT","",""
6,13501,"","","","","","BEST PET PREMIUM EGGFOOD 6/1#",BEST,"",""
6,13515,"","","","","","BEST PET PREMIUM EGGFOOD 15#",BEST,"",""
"",13525,"","","","","","VP FINCH PREMIUM 25#","VP ENT","",""
"",13550,"","","","","","VP FINCH PREMIUM 50#","VP ENT","",""
6,13601,"","","","","","BEST PET PREMIUM RED EGGFOOD 6/1#",BEST,"",""
"",13625,"","","","","","VP SMALL HOOKBILL 25#","VP ENT","",""
"",13650,"","","","","","VP SMALL HOOKBILL 50#","VP ENT","",""
6,13704,"","","","","","BEST PET RABBIT PELLETS 6/4#",BEST,"",""
6,13708,"","","","","","BEST PET RABBIT PELLETS 5/8#",BEST,"",""
6,13720,"","","","","","BEST PET RABBIT PELLETS 20#",BEST,"",""
"",13725,"","","","","","VP SMALL HOOKBILL SPECIAL 25#","VP ENT","",""
6,13804,"","","","","","BEST PET RABBIT DELUXE 6/4#",BEST,"",""
6,13808,"","","","","","BEST PET RABBIT DELUXE 5/8#",BEST,"",""
6,13820,"","","","","","BEST PET RABBIT DELUXE 20#",BEST,"",""
"",13820,"","","","","","VP LARGE HOOKBILL (NO SUNFLOWER) 20#","VP ENT","",""
"",13840,"","","","","","VP LARGE HOOKBILL (NO SUNFLOWER) 40#","VP ENT","",""
6,13903,"","","","","","BEST PET COMPLETE DIET 6/3#",BEST,"",""
"",13925,"","","","","","VP PARROT SUPREME 25#","VP ENT","",""
6,13950,"","","","","","BEST PET COMPLETE DIET 50#",BEST,"",""
"",14005,"","","SPRAY MILLET",5,"CAGED BIRD PRODUCTS","SPRAY MILLET 5#",OTHER,"",""
"",14006,"","","SPRAY MILLET",6/6oz,"CAGED BIRD PRODUCTS","SPRAY MILLET 6/6oz",OTHER,"",""
"",14010,"","","","","","","","",""
"",14025,"","","SPRAY MILLET",25,"CAGED BIRD PRODUCTS","SPRAY  MILLET 25#",OTHER,"",""
"",14225,"","","","","","VP PARAKEET 25% 25#","VP ENT","",""
"",14250,"","","","","","VP PARAKEET 25% 50#","VP ENT","",""
"",14325,"","","","","","VP PARAKEET 42% 25#","VP ENT","",""
"",14350,"","","","","","VP PARAKEET 42% 50#","VP ENT","",""
"",14425,"","","","","","VP WILDBIRD PREMIUM (NO SUN) 25#","VP ENT","",""
"",14450,"","","","","","VP WILDBIRD PREMIUM (NO SUN) 50#","VP ENT","",""
"",14525,"","","","","","VP WILDBIRD W/SUNFLOWER 25#","VP ENT","",""
"",14550,"","","","","","VP WILDBIRD W/SUNFLOWER 50#","VP ENT","",""
"",14720,"","","","","","VP RABBIT TREAT 20#","VP ENT","",""
6,15201,"","","","","","BEST FANCY FRUIT & NUT 6/1.5#",BEST,"",""
6,15215,"","","","","","BEST PET FANCY FRUIT & NUT 15#",BEST,"",""
"",15420,"","","","","","VP COCKATIEL BREEDERS 50#","VP ENT","",""
"",15750,"","","","","","""MILLET HULLED 50#""",SINGLE,"",""
"",15850,"","","""MILLET PROSO RED""",50,"SINGLE SEED","""MILLET RED PROSO 50#""",SINGLE,"",""
"",16025,"","","""MILLET PROSO WHITE""",25,"SINGLE SEED","WHITE PROSO MILLET 25#","","",""
"",16050,"","","""MILLET PROSO WHITE""",50,"SINGLE SEED","""MILLET WH.PROSO 50#""",SINGLE,"",""
"",16750,"","","""MILLET JAPANESE""",50,"SINGLE SEED","JAPANESE MILLET 50#",SINGLE,"",""
"",16950,"","","","","","SIBERIAN MILLET 50#",SINGLE,"",""
"",17025,"","","""MILLET PROSO FINCH (GERMAN)""",25,"SINGLE SEED","","","",""
"",17050,"","","""MILLET PROSO FINCH (GERMAN)""",50,"SINGLE SEED","""MILLET GOLDEN GERMAN 50#""",SINGLE,"",""
"",17150,"","","","","","J.S. WEST R/C MILO","JS WEST","",""
"",17300,"","","""MILO R/C""",50,"","""MILO RED 50#""",SINGLE,"",""
"",17325,"","","","","","""MILO RED 25#""",SINGLE,"",""
"",17350,"","","""CORN KAFFIR""",50,"RECLEANED GRAINS","WHITE MILO/KAFFIR CORN 50#",SINGLE,"",""
6,17501,"","","","","","BEST PET SPRAY MILLET 6/6OZ",BEST,"",""
"",18102,"","","SONGBIRD NYJER SOCKS",2/25,"","NYJER SOCKS 25/2#",WILDBIRD,"",""
"",18104,"","","NYJER THISTLE",6/4,"SINGLE SEED","NYJER SEED 6/4#",SINGLE,"",""
"",18108,"","","NYJER THISTLE",5/8,"SINGLE SEED","NYJER SEED 5/8#",SINGLE,"",""
"",18120,"","","NYJER THISTLE",20,"SINGLE SEED","NYJER SEED YELLOW BAG 20#",SINGLE,https://s3-us-west-1.amazonaws.com/seedfactory/original_images/015939181201.jpg,https://s3-us-west-1.amazonaws.com/seedfactory/original_images/015939181201+raw.nef
"",18120,"","","NYJER THISTLE",20,"SINGLE SEED","NYJER SEED YELLOW BAG 20#",SINGLE,https://s3-us-west-1.amazonaws.com/seedfactory/original_images/015939181201.jpg,https://s3-us-west-1.amazonaws.com/seedfactory/original_images/015939181201+raw.nef
"",18150,"","","NYJER THISTLE",50,"SINGLE SEED","NYJER SEED 50#",SINGLE,"",""
"",18220,"","","","","","WBU PREMIUM NYJER 20# (PLASTIC BAG)",WB_INV,"",""
"",18950,"","","""OATS R/C""",50,"RECLEANED GRAINS","R/C WHITE OATS  50#",SINGLE,"",""
"",19025,"","","","","","OAT GROATS 25#",SINGLE,"",""
"",19050,"","","OAT GROATS",50,"SINGLE SEED","OAT GROATS 50#",SINGLE,"",""
"",19100,"","","","","","STEEL CUT OATS 50#",SINGLE,"",""
"",19150,"","","","","","""OAT GROATS COLORED 50#""",SINGLE,"",""
"",19175,"","","""OATS RACE HORSE""",75,"RECLEANED GRAINS","","","",""
"",20103,5,"","","","","NEKTON-S 35gr",NEKTON,"",""
201,20203,5,"","","","","","","",""
"",21102,"","","A S CANARY","6/ 2#","AVIAN SCIENCE SUPER DIET ","A.S. SUPER CANARY 6/2#",AVIAN,"",""
"",21104,"","","A S CANARY","6/ 4#","AVIAN SCIENCE SUPER DIET ","A.S. SUPER CANARY 6/4#",AVIAN,https://s3-us-west-1.amazonaws.com/seedfactory/original_images/070789211041.jpg,https://s3-us-west-1.amazonaws.com/seedfactory/original_images/070789211041+raw.nef
"",21105,"","","PEANUTS (INSHELL)",6/4,"SINGLE SEED","INSHELL PEANUTS 6/4#",SINGLE,"",""
"",21120,"","","A S CANARY"," 20#","AVIAN SCIENCE SUPER DIET ","A.S. SUPER CANARY 20#",AVIAN,"",""
200,21125,"","","PEANUTS (INSHELL)",25,"SINGLE SEED","PEANUTS INSHELL (YELLOW BAG) 25#",SINGLE,"",""
"",21140,"","","A S CANARY",40#,"AVIAN SCIENCE SUPER DIET ","A.S. SUPER CANARY 40#",AVIAN,"",""
"",21150,"","","PEANUTS (INSHELL)",50,"SINGLE SEED","PEANUTS INSHELL (YELLOW BAG) 50#",SINGLE,"",""
"",21302,"","","A S COCKATIEL  NO SUN","6/ 2#","AVIAN SCIENCE SUPER DIET ","A.S. SUPER TIEL NO/SUN 6/2#",AVIAN,"",""
"",21304,"","","A S COCKATIEL  NO SUN","6/ 4#","AVIAN SCIENCE SUPER DIET ","A.S. SUPER TIEL NO/SUN 6/4#",AVIAN,https://s3-us-west-1.amazonaws.com/seedfactory/original_images/070789213045.jpg,https://s3-us-west-1.amazonaws.com/seedfactory/original_images/070789213045+raw.nef
"",21320,"","","A S COCKATIEL  NO SUN"," 20#","AVIAN SCIENCE SUPER DIET ","A.S. SUPER TIEL NO/SUN 20#",AVIAN,"",""
"",21340,"","","A S COCKATIEL  NO SUN",40#,"AVIAN SCIENCE SUPER DIET ","A.S. SUPER TIEL NO/SUN 40#",AVIAN,"",""
"",21502,"","","A S COCKATIEL  W / SUN","6/ 2#","","A.S. SUPER TIEL W/SUN 6/2#",AVIAN,"",""
"",21504,"","","A S COCKATIEL  W / SUN","6/ 4#","AVIAN SCIENCE SUPER DIET ","A.S. SUPER TIEL W/SUN 6/4#",AVIAN,https://s3-us-west-1.amazonaws.com/seedfactory/original_images/070789215049.jpg,https://s3-us-west-1.amazonaws.com/seedfactory/original_images/070789215049+raw.nef
"",21520,"","","A S COCKATIEL  W / SUN",20#,"AVIAN SCIENCE SUPER DIET ","A.S. SUPER TIEL W/SUN 20#",AVIAN,"",""
"",21540,"","","A S COCKATIEL  W / SUN",40#,"AVIAN SCIENCE SUPER DIET ","A.S. SUPER TIEL W/SUN 40#",AVIAN,"",""
"",21704,"","","A S ECLECTUS","6/ 4#","AVIAN SCIENCE SUPER DIET ","A.S. SUPER ECLECTUS 6/4#",AVIAN,"",""
"",21720,"","","A S ECLECTUS",20#,"AVIAN SCIENCE SUPER DIET ","A.S. SUPER ECLECTUS 20#",AVIAN,"",""
"",21902,"","","A S FINCH","6/ 2#","AVIAN SCIENCE SUPER DIET ","A.S. SUPER FINCH 6/2#",AVIAN,"",""
"",21904,"","","A S FINCH","6/ 4#","AVIAN SCIENCE SUPER DIET ","A.S. SUPER FINCH 6/4#",AVIAN,"",""
"",21920,"","","A S FINCH"," 20#","AVIAN SCIENCE SUPER DIET ","A.S. SUPER FINCH 20#",AVIAN,"",""
"",21940,"","","A S FINCH",40#,"AVIAN SCIENCE SUPER DIET ","","","",""
"",21940,"","","","","","A.S. SUPER FINCH 40#",AVIAN,"",""
"",22102,"","","A S HOOKBILL","6/ 2#","AVIAN SCIENCE SUPER DIET ","A.S. SUPER HOOKBILL 6/2#",AVIAN,"",""
"",22104,"","","A S HOOKBILL",6/4#,"AVIAN SCIENCE SUPER DIET ","A.S. SUPER HOOKBILL 4#",AVIAN,https://s3-us-west-1.amazonaws.com/seedfactory/original_images/070789221040.jpg,https://s3-us-west-1.amazonaws.com/seedfactory/original_images/070789221040+raw.nef
"",22120,"","","A S HOOKBILL"," 20#","AVIAN SCIENCE SUPER DIET ","A.S. SUPER HOOKBILL 20#",AVIAN,"",""
100,22125,"","","PEANUTS (NO SHELL)",25,"SINGLE SEED","PEANUTS (NO SHELL) RED TAG 25#",SINGLE,"",""
"",22140,"","","A S HOOKBILL",40#,"AVIAN SCIENCE SUPER DIET ","A.S. SUPER HOOKBILL 40#",AVIAN,"",""
"",22140,"","","A S HOOKBILL",40#,"AVIAN SCIENCE SUPER DIET ","A.S. SUPER HOOKBILL 40#",AVIAN,"",""
"",22150,"","","PEANUTS (NO SHELL)",50,"SINGLE SEED","PEANUTS (NO SHELL) RED TAG 50#",SINGLE,https://s3-us-west-1.amazonaws.com/seedfactory/original_images/15939221501.jpg,https://s3-us-west-1.amazonaws.com/seedfactory/original_images/015939221501+raw.nef
"",22302,"","","A S LOVEBIRD / CONURE","6/ 2#","AVIAN SCIENCE SUPER DIET ","A.S. SUPER LOVEBIRD/CONURE 6/2#",AVIAN,"",""
"",22304,"","","A S LOVEBIRD / CONURE","6/ 4#","AVIAN SCIENCE SUPER DIET ","A.S. SUPER LOVEBIRD/CONURE 6/4#",AVIAN,https://s3-us-west-1.amazonaws.com/seedfactory/original_images/070789223044.jpg,""
"",22320,"","","A S LOVEBIRD / CONURE"," 20#","AVIAN SCIENCE SUPER DIET ","A.S. SUPER LOVEBIRD/CONURE 20#",AVIAN,"",""
"",22340,"","","A S LOVEBIRD / CONURE",40#,"AVIAN SCIENCE SUPER DIET ","A.S. SUPER LOVEBIRD/CONURE 40#",AVIAN,"",""
"",22350,"","","","","","PEANUT HEARTS 50#",SINGLE,"",""
"",22504,"","","A S MACAW","6/ 4#","AVIAN SCIENCE SUPER DIET ","A.S. SUPER MACAW 6/4#",AVIAN,https://s3-us-west-1.amazonaws.com/seedfactory/original_images/070789225048.jpg,https://s3-us-west-1.amazonaws.com/seedfactory/original_images/070789225048+raw.nef
"",22520,"","","A S MACAW",20#,"AVIAN SCIENCE SUPER DIET ","A.S. SUPER MACAW 20#",AVIAN,"",""
"",22540,"","","A S MACAW",40#,"AVIAN SCIENCE SUPER DIET ","A.S. SUPER MACAW 40#",AVIAN,"",""
"",22702,"","","A S PARAKEET","6/ 2#","AVIAN SCIENCE SUPER DIET ","A.S. SUPER PARAKEET 6/2#",AVIAN,"",""
"",22704,"","","A S PARAKEET","6/ 4#","AVIAN SCIENCE SUPER DIET ","A.S. SUPER PARAKEET 6/4#",AVIAN,https://s3-us-west-1.amazonaws.com/seedfactory/original_images/070789227042.jpg,https://s3-us-west-1.amazonaws.com/seedfactory/original_images/070789227042+raw.nef
"",22720,"","","A S PARAKEET"," 20#","AVIAN SCIENCE SUPER DIET ","A.S. SUPER PARAKEET 20#",AVIAN,"",""
"",22740,"","","A S PARAKEET",40#,"AVIAN SCIENCE SUPER DIET ","A.S. SUPER PARAKEET 40#",AVIAN,"",""
"",22904,"","","A S PARROT","6/ 4#","AVIAN SCIENCE SUPER DIET ","A.S. SUPER PARROT 6/4#",AVIAN,https://s3-us-west-1.amazonaws.com/seedfactory/original_images/070789229046.jpg,https://s3-us-west-1.amazonaws.com/seedfactory/original_images/070789229046+raw.nef
"",22920,"","","A S PARROT",20#,"AVIAN SCIENCE SUPER DIET ","A.S. SUPER PARROT 20#",AVIAN,"",""
"",22940,"","","A S PARROT",40#,"AVIAN SCIENCE SUPER DIET ","A.S. SUPER PARROT 40#",AVIAN,"",""
"",23104,"","","A S PARROTLET","6/ 4#","AVIAN SCIENCE SUPER DIET ","A.S. SUPER PARROTLET 6/4#",AVIAN,https://s3-us-west-1.amazonaws.com/seedfactory/original_images/070789231049.jpg,""
"",23120,"","","A S PARROTLET","6/ 4#","AVIAN SCIENCE SUPER DIET ","A.S. SUPER PARROTLET 20#",AVIAN,"",""
"",24050,"","","","","","""PEAS ALASKAN GREEN 50#""",SINGLE,"",""
"",24125,"","","","","","""PEAS AUSTRIAN 25#""",SINGLE,"",""
"",24150,"","","""PEAS AUSTRIAN""",50,"SINGLE SEED","""PEAS AUSTRIAN 50#""",SINGLE,"",""
"",24225,"","","","","","""PEAS MAPLE 25#""",SINGLE,"",""
"",24250,"","","""PEAS MAPLE""",50,"SINGLE SEED","""PEAS MAPLE 50#""",SINGLE,"",""
"",24325,"","","","","","""PEAS YELLOW 25#""",SINGLE,"",""
"",24350,"","","""PEAS YELLOW""",50,"sINGLE SEED","""PEAS YELLOW 50#""",SINGLE,"",""
"",24450,"","","","","","SPLIT GREEN PEAS 50#",SINGLE,"",""
"",25950,"","","","","","""RICE BROWN 50#""",SINGLE,"",""
"",26065,"","","","","","""PEPPERS S-4  55#""",SINGLE,"",""
"",26155,"","","","","","""PEPPERS S-9  DUNDICUT 55#""",SINGLE,"",""
"",27025,"","","","","","PINE NUTS 25#",SINGLE,"",""
"",27050,"","",PINENUTS,50,"SINGLE SEED","PINE NUTS 50#",SINGLE,"",""
"",27051,"","",PINENUTS,6/1,"SINGLE SEED","","","",""
"",28025,"","","","","","POPCORN YELLOW 25#",SINGLE,"",""
"",28050,"","",POPCORN,50,"SINGLE SEED","""POPCORN YELLOW 50#""",SINGLE,"",""
"",30025,"","","PUMPKIN SEED",25,"SINGLE SEED","PUMPKIN SEED  WHITE 25#",SINGLE,"",""
"",30025,"","","PUMPKIN SEED",25,"SINGLE SEED","PUMPKIN SEED  WHITE 25#",SINGLE,"",""
"",30050,"","","PUMPKIN SEED",55,"SINGLE SEED","PUMPKIN SEED  WHITE 55#",SINGLE,"",""
"",30050,"","","PUMPKIN SEED",55,"SINGLE SEED","PUMPKIN SEED  WHITE 55#",SINGLE,"",""
"",31020,"","","AVIARY MIX",20#,"PREMIUM  VALUE  ","VK PREMIUM VALUE AVIARY MIX 20#","VK PREM",https://s3-us-west-1.amazonaws.com/seedfactory/original_images/070789310201.jpg,https://s3-us-west-1.amazonaws.com/seedfactory/original_images/070789310201+raw.nef
"",31025,"","","","","","CANOLA RAPE SEED 25#",SINGLE,"",""
"",31040,"","","AVIARY MIX",40#,"PREMIUM  VALUE  ","VK PREMIUM VALUE AVIARY MIX 40#","VK PREM","",""
"",31050,"","","CANOLA RAPE SEED",50,"SINGLE SEED","CANOLA RAPE SEED 50#",SINGLE,"",""
"",31125,"","","","","","VETCH 25#",SINGLE,"",""
"",31150,"","",VETCH,50,"SINGLE SEED","VETCH 50#",SINGLE,https://s3-us-west-1.amazonaws.com/seedfactory/original_images/015939312506.jpg,https://s3-us-west-1.amazonaws.com/seedfactory/original_images/015939312506+raw.nef
"",31250,"","","PADDY RICE",50,"RECLEANED GRAINS","""RICE PADDY 50#""",SINGLE,"",""
"",32003,"","","""SAFFLOWER WHITE""",6/3,"SINGLE SEED","SAFFLOWER SEED 6/3#",SINGLE,"",""
"",32020,"","","""SAFFLOWER WHITE""",20,"SINGLE SEED","SAFFLOWER SEED 20#",SINGLE,https://s3-us-west-1.amazonaws.com/seedfactory/original_images/015939320204.jpg,https://s3-us-west-1.amazonaws.com/seedfactory/original_images/015939320204+raw.nef
"",32020,"","","""SAFFLOWER WHITE""",20,"SINGLE SEED","SAFFLOWER SEED 20#",SINGLE,https://s3-us-west-1.amazonaws.com/seedfactory/original_images/015939320204.jpg,https://s3-us-west-1.amazonaws.com/seedfactory/original_images/015939320204+raw.nef
"",32050,"","","""SAFFLOWER WHITE""",50,"SINGLE SEED","SAFFLOWER 50#",SINGLE,"",""
"",32120,"","","","","","WBU PREMIUM SAFFLOWER 20#",WB_INV,"",""
"",32120,"","","","","","WBU PREMIUM SAFFLOWER 20#",WB_INV,"",""
"",32220,"","","PREM VALUE CANARY  ",20#,"PREMIUM  VALUE  ","VK PREMIUM VALUE CANARY 20#","VK PREM",https://s3-us-west-1.amazonaws.com/seedfactory/original_images/070789322204.jpg,https://s3-us-west-1.amazonaws.com/seedfactory/original_images/070789322204+raw.nef
"",32240,"","","PREM VALUE CANARY  ",40#,"PREMIUM  VALUE  ","VK PREMIUM VALUE CANARY 40#","VK PREM","",""
"",32550,"","","","","","SOYBEANS 50#",SINGLE,"",""
"",33003,"","","SUNFLOWER SMALL BLACK OIL",6/3,"SINGLE SEED","SM BLK OIL SUNFLOWER 6/3#",SINGLE,"",""
"",33020,"","","SUNFLOWER SMALL BLACK OIL ",20,"SINGLE SEED","PREMIUM SBO SUNFLOWER 20#",SINGLE,"",""
"",33035,"","","","","","ROGUE SMALL BLACK OIL SUNFLOWER 35#",ROGUE,"",""
"",33040,"","","","","","PREM SM BLK OIL SUNF. 40#",SINGLE,"",""
"",33120,"","","PREM VALUE COCKATIEL",20#,"PREMIUM  VALUE  ","VK PREMIUM VALUE COCKATIEL 20#","VK PREM",https://s3-us-west-1.amazonaws.com/seedfactory/original_images/070789331206.jpg,https://s3-us-west-1.amazonaws.com/seedfactory/original_images/070789331206+raw.nef
"",33140,"","","PREM VALUE COCKATIEL",40#,"PREMIUM  VALUE  ","VK PREMIUM VALUE COCKATIEL 40#","VK PREM","",""
"",33220,"","","","","","SM BLK OIL SUNFLOWER 20#",SINGLE,https://s3-us-west-1.amazonaws.com/seedfactory/original_images/015939332405.jpg,https://s3-us-west-1.amazonaws.com/seedfactory/original_images/015939332405+raw.nef
"",33240,"","","SUNFLOWER SMALL BLACK OIL ",40,"SINGLE SEED","SM BLK OIL SUNFLOWER 40#",SINGLE,"",""
"",33320,"","","","","","WBU PREM SM BLK OIL 20#",WB_INV,"",""
"",33320,"","","","","","WBU PREM SM BLK OIL 20#",WB_INV,"",""
"",34520,"","","PREM VALUE FINCH  ",20#,"PREMIUM  VALUE  ","VK PREMIUM VALUE FINCH 20#","VK PREM",https://s3-us-west-1.amazonaws.com/seedfactory/original_images/070789345203.jpg,https://s3-us-west-1.amazonaws.com/seedfactory/original_images/070789345203+raw.nef
"",34540,"","","PREM VALUE FINCH  ",40#,"PREMIUM  VALUE  ","VK PREMIUM VALUE FINCH 40#","VK PREM","",""
"",35003,"","","SUNFLOWER BLACK STRIPE",6/3,"SINGLE SEED","BLK STRIPE SUNFLOWER 6/3#",SINGLE,"",""
"",35020,"","","SUNFLOWER BLACK STRIPE",20,"SINGLE SEED","BLK STRIPE SUNFLOWER 20#",SINGLE,https://s3-us-west-1.amazonaws.com/seedfactory/original_images/015939350201.jpg,https://s3-us-west-1.amazonaws.com/seedfactory/original_images/015939350201+raw.nef
"",35050,"","","SUNFLOWER BLACK STRIPE",40,"SINGLE SEED","BLK STRIPE SUNFLOWER 50#",SINGLE,"",""
"",36520,"","","""PREM VALUE HOOKBILL no sun""",20#,"PREMIUM  VALUE  ","VK PREMIUM VALUE HOOKBILL 20#","VK PREM",https://s3-us-west-1.amazonaws.com/seedfactory/original_images/070789365201.jpg,https://s3-us-west-1.amazonaws.com/seedfactory/original_images/070789365201+raw.nef
"",37003,"","","","","","SUNFLOWER GREY STRIPE 6/2.5#",SINGLE,"",""
"",37020,"","","PREM VALUE PARAKEET",20#,"PREMIUM  VALUE  ","VK PREMIUM VALUE PARAKEET 20#","VK PREM",https://s3-us-west-1.amazonaws.com/seedfactory/original_images/070789370205.jpg,https://s3-us-west-1.amazonaws.com/seedfactory/original_images/070789370205+raw.nef
"",37025,"","","","","","Large Grey Sunflower Seed","","",""
"",37040,"","","PREM VALUE PARAKEET",40#,"PREMIUM  VALUE  ","VK PREMIUM VALUE PARAKEET 40#","VK PREM","",""
"",37103,"","","""SUNFLOWER GREY STRIPE""",6/3,"SINGLE SEED","SUNFLOWER GREY STRIPE 6/2.5#",SINGLE,"",""
"",37110,"","","""SUNFLOWER GREY STRIPE""",10,"SINGLE SEED","SUNFLOWER GREY STRIPE 10#",SINGLE,https://s3-us-west-1.amazonaws.com/seedfactory/original_images/070789371103.jpg,https://s3-us-west-1.amazonaws.com/seedfactory/original_images/070789371103+raw.nef
"",37130,"","","""SUNFLOWER GREY STRIPE""",30,"SINGLE SEED","SUNFLOWER GREY STRIPE 30#",SINGLE,"",""
"",38530,"","","""PREM VALUE PARROT w/sun""",30#,"PREMIUM  VALUE  ","VK PREMIUM VALUE PARROT 30#","VK PREM",https://s3-us-west-1.amazonaws.com/seedfactory/original_images/070789385308.jpg,https://s3-us-west-1.amazonaws.com/seedfactory/original_images/070789385308+raw.nef
"",38920,"","","","","","WBU MED SUNFL  CHIPS 20#",WB_INV,"",""
"",38920,"","","","","","WBU MED SUNFL  CHIPS 20#",WB_INV,"",""
"",39004,"","","SUNFLOWER CHIPS  Med.",6/4,"SINGLE SEED","SUNFLOWER CHIPS 6/4#",SINGLE,"",""
"",39020,"","","SUNFLOWER CHIPS  Med.",20,"SINGLE SEED","SUNFLOWER CHIPS 20#",SINGLE,https://s3-us-west-1.amazonaws.com/seedfactory/original_images/015939390207.jpg,https://s3-us-west-1.amazonaws.com/seedfactory/original_images/015939390207+raw.nef
"",39050,"","","SUNFLOWER CHIPS  Med. ",50,"SINGLE SEED","SUNFLOWER CHIPS 50#",SINGLE,"",""
"",39150,"","","SUNFLOWER CHIPS  Fine ",50,"SINGLE SEED","FINE SUNFLOWER CHIPS 50#",SINGLE,"",""
"",39220,"","","SUNFLOWER KERNELS",20,"SINGLE SEED","SUNFLOWER KERNALS 20#",SINGLE,"",""
"",39250,"","","SUNFLOWER KERNELS",50,"SINGLE SEED","SUNFLOWER KERNALS 50#",SINGLE,"",""
"",40010,S,"","","","","CUTTLEBONE CARDED SINGLE",OTHER,"",""
"",40050,"","","","","","J.S. WEST R/C WHEAT","JS WEST","",""
"",40050,"","","","","","J.S. WEST R/C WHEAT","JS WEST","",""
"",40125,"","","""WHEAT R/C""",25,"RECLEANED GRAINS","""WHEAT R/C 25#""",SINGLE,"",""
"",40125,"","","""WHEAT R/C""",25,"RECLEANED GRAINS","""WHEAT R/C 25#""",SINGLE,"",""
"",40150,"","","""WHEAT R/C""",50,"RECLEANED GRAINS","""WHEAT R/C 50#""",SINGLE,"",""
"",40205,"","","WESTERN DELIGHT WILD BIRD",6/5,"WILD BIRD","WESTERN DELIGHT 6/5#",WILDBIRD,"",""
"",40210,"","","WESTERN DELIGHT WILD BIRD",3/10,"WILD BIRD","WESTERN DELIGHT 3/10#",WILDBIRD,"",""
"",40320,"","","WESTERN DELIGHT WILD BIRD",20,"WILD BIRD","WILD BIRD WESTERN DEL 20#",WILDBIRD,https://s3-us-west-1.amazonaws.com/seedfactory/original_images/015939403204.jpg,https://s3-us-west-1.amazonaws.com/seedfactory/original_images/015939403204+raw.nef
"",40340,"","","WESTERN DELIGHT WILD BIRD",40,"WILD BIRD","WILD BIRD WESTERN DEL. 40#",WILDBIRD,"",""
"",40405,"","","PREMIUM NO-WASTE ",5/5,"PREMIUM WILD BIRD","PREMIUM NO WASTE 5/5#",PREMIUM,https://s3-us-west-1.amazonaws.com/seedfactory/original_images/015939404058.jpg,https://s3-us-west-1.amazonaws.com/seedfactory/original_images/015939404058+raw.nef
"",40420,"","","PREMIUM NO-WASTE ",20,"PREMIUM WILD BIRD","PREMIUM NO WASTE 20#",PREMIUM,"",""
"",40600,-20,"","","","","J.S. WEST WILD BIRD 20#","JS WEST","",""
"",40605,"","","PREMIUM SUPERIOR BLEND ",5/5,"PREMIUM WILD BIRD","PREMIUM SUPERIOR BLEND 5/5#",PREMIUM,"",""
"",40620,"","","PREMIUM SUPERIOR BLEND ",20,"PREMIUM WILD BIRD","PREMIUM SUPERIOR BLEND 20#",PREMIUM,https://s3-us-west-1.amazonaws.com/seedfactory/original_images/015939406205.jpg,https://s3-us-west-1.amazonaws.com/seedfactory/original_images/015939406205+raw.nef
"",40650,"","","","","","J.S. WEST WILD BIRD 50#","JS WEST","",""
"",40700,-20,"","","","","J.S. WEST DOVE & QUAIL 20#","JS WEST","",""
"",40720,"","","","","","EASTERN SIERRA WILD BIRD 20#","WILDB CTM","",""
"",40740,"","","","","","J.S. WEST DOVE & QUAIL 40#","JS WEST","",""
"",40805,"","","PREMIUM GARDEN MIX",5/5,"PREMIUM WILD BIRD","PREMIUM GARDEN MIX 5/5#",PREMIUM,"",""
"",40820,"","","PREMIUM GARDEN MIX",20,"PREMIUM WILD BIRD","PREMIUM GARDEN MIX 20#",PREMIUM,"",""
"",40850,"","","","","","GEORGE'S WISHBONE WILD BIRD 50#","WILDB CTM","",""
"",40905,"","","PREMIUM WILD FINCH MIX",5/5,"PREMIUM WILD BIRD","","",https://s3-us-west-1.amazonaws.com/seedfactory/original_images/015939409053.jpg,https://s3-us-west-1.amazonaws.com/seedfactory/original_images/015939409053+raw.nef
"",40920,"","","PREMIUM WILD FINCH MIX",20,"PREMIUM WILD BIRD","PREMIUM WILD FINCH MIX 20#",PREMIUM,"",""
"",40920,"","","PREMIUM WILD FINCH MIX",20,"PREMIUM WILD BIRD","PREMIUM WILD FINCH MIX 20#",PREMIUM,"",""
"",40920,"","","PREMIUM WILD FINCH MIX",20,"PREMIUM WILD BIRD","PREMIUM WILD FINCH MIX 20#",PREMIUM,"",""
"",41020,"","","WESTERN DELIGHT VALUE MIX**",20,"WILD BIRD","WESTERN DELIGHT VALUE MIX 20#",WILDBIRD,"",""
"",41040,"","","WESTERN DELIGHT VALUE MIX**",40,"WILD BIRD","WESTERN DELIGHT VALUE MIX 40#",WILDBIRD,"",""
"",41125,"","","","","","ROBINSON'S WILD BIRD 25#","WILDB CTM","",""
"",41515,"","","","","","WILD BIRD BLOCK SF 15#",WILDBIRD,"",""
"",41521,"","","WILD BIRD BLOCKS",21,BLOCKS,"WILD BIRD BLOCK SF 21#",WILDBIRD,"",""
"",41805,"","","SUPERIOR SUNFLOWER BLOCK",5,BLOCKS,"","","",""
"",41909,"","","SQUIRREL & SUCH BLOCK",9,BLOCKS,"","","",""
"",42030,-20,"","","","","ROBINSON'S BACKYARD BUFFET","WILDB CTM","",""
"",42120,"","","","","","RENO SPECIAL BLEND 20#","WILDB CTM","",""
"",42120,"","","","","","RENO SPECIAL BLEND 20#","WILDB CTM","",""
"",42140,"","","","","","RENO SPECIAL BLEND 40#","WILDB CTM","",""
"",42220,"","","NO MILO WILD BIRD**",20,"WILD BIRD","NO MILO WILD BIRD 20#",WILDBIRD,"",""
"",42235,-20,"","","","","SUTTER ORCHARD NO MILO WILDBIRD 20#","WILDB CTM","",""
"",42236,-20,"","","","","VALLEY SPRINGS SPECIAL WILDBIRD 20#","WILDB CTM","",""
"",42240,-20,"","","","","BRADSHAW'S DELUXE WILDBIRD 20#","WILDB CTM","",""
"",42250,-20,"","","","","COLFAX FARM & COUNTRY  NO MILO WILDBIRD 20#","WILDB CTM","",""
"",42250,-20,"","","","","COLFAX FARM & COUNTRY  NO MILO WILDBIRD 20#","WILDB CTM","",""
"",42250,-20,"","","","","COLFAX FARM & COUNTRY  NO MILO WILDBIRD 20#","WILDB CTM","",""
"",42290,-20,"","","","","BEAK SMACKING WILDBIRD MIX 20#","WILDB CTM","",""
"",42300,-40,"","","","","FRIZELLE-ENOS SONGBIRD BUFFET 40#","WILDB CTM","",""
"",42320,"","","","","","NUTRENA WILD BIRD MIX 20#",NUTRENA,"",""
"",42340,"","","","","","NUTRENA WILD BIRD MIX 40#",NUTRENA,"",""
"",42350,-40,"","","","","EASTERN SIERRA WILDBIRD 40#","WILDB CTM","",""
"",42360,-20,"","","","","NOVATO HORSE & PET WILDBIRD 20#","WILDB CTM","",""
"",42405,-20,"","","","","WILD WINGS NO MESS BLEND 20#","WILDB CTM","",""
"",42410,-20,"","","","","SANTA MONICA MOUNTAIN BLEND 20#","WILDB CTM","",""
"",42420,"","","","","","BACKYARD BASIC 20#","WB_INV CTM","",""
"",42425,"","","","","","ASSOC. DOVE & QUAIL 25#",ASSOCIATED,"",""
"",42450,"","","","","","ASSOC. DOVE & QUAIL 50#",ASSOCIATED,"",""
"",42520,"","","","","","PURE PATIO MIX 20#","WB_INV CTM","",""
"",42620,"","","","","","BRIONES BLEND 20#","WB_INV CTM","",""
"",42720,"","","","","","BIRDER'S CHOICE 20#","WB_INV CTM","",""
"",42740,"","","","","","BIRDER'S CHOICE 40#","WB_INV CTM","",""
"",42820,"","","","","","SONGBIRD SELECT 20#","WB_INV CTM","",""
"",42920,"","","","","","MT. DIABLO MIX 20#","WB_INV CTM","",""
"",43015,"","","NATURES TRAIL MIX",15,"PREMIUM WILD BIRD","NATURE'S TRAIL MIX 15#","WB_INV CTM",https://s3-us-west-1.amazonaws.com/seedfactory/original_images/015939430156.jpg,https://s3-us-west-1.amazonaws.com/seedfactory/original_images/015939430156+raw.nef
"",43120,"","","","","","JUST HEARTS 20#","WB_INV CTM","",""
"",43440,"","","","","","GREEN'S FEED PREMIUM WILDBIRD 40#","WILDB CTM","",""
"",43620,"","","","","","FRONT RANGE 20#","WILDB CTM","",""
"",43720,"","","","","","SO SWEET A SONG 20#","WILDB CTM","",""
"",43820,"","","","","","WESTERN PLUMAGE 20#","WILDB CTM","",""
"",43900,-20,"","","","","RANCHO WILD BIRD W/SUN 20#","WILDB CTM","",""
"",43900,-20,"","","","","RANCHO WILD BIRD W/SUN 20#","WILDB CTM","",""
"",43900,-40,"","","","","RANCHO WILD BIRD W/SUN 40#","WILDB CTM","",""
"",43900,-40,"","","","","RANCHO WILD BIRD W/SUN 40#","WILDB CTM","",""
"",43910,-20,"","","","","RANCHO WILD BIRD NO SUN 20#","WILDB CTM","",""
"",43910,-20,"","","","","RANCHO WILD BIRD NO SUN 20#","WILDB CTM","",""
"",43910,-40,"","","","","RANCHO WILD BIRD NO SUN 40#","WILDB CTM","",""
"",43910,-40,"","","","","RANCHO WILD BIRD NO SUN 40#","WILDB CTM","",""
"",44100,-40,"","","","","BENSONS DELUXE WILD BIRD 40#","WILDB CTM","",""
"",44140,"","","","","","NORTHERN STAR PREM W/B 40#","WILDB CTM","",""
"",44220,"","","","","","WESTERN BLEND 20#","WB_INV CTM","",""
"",44240,"","","","","","NORTHERN STAR CALIFORNIA WILDBIRD 40#","WILDB CTM","",""
"",44350,"","","","","","ASSOC. WILD BIRD (W/SUN) 50#",ASSOCIATED,"",""
"",44505,"","","","","","ROGUE WILD BIRD NUT TREAT 6/5#",ROGUE,"",""
"",44520,"","","","","","ROGUE WILD BIRD NUT TREAT 20#",ROGUE,"",""
"",44620,"","","","","","RIDGE FEED AUDUBON ECONOMY 20#","WILDB CTM","",""
"",44820,"","","","","","RODIES GOURMET WILDBIRD 20#","WILDB CTM","",""
"",44920,"","","","","","SOUTHWEST BLEND 20#","WILDB CTM","",""
"",44930,-20,"","","","","SOUTHWEST SEASONAL 20#","WILDB CTM","",""
"",45720,-50,"","","","","BOONE'S FEED LITE MIX 50#","PIGEON CTM","",""
"",45720,-50,"","","","","BOONE'S FEED LITE MIX 50#","PIGEON CTM","",""
"",45850,"","NO CORN BLENDS","DEPURATIVE BLEND",50,pigeon,"DEPURATIVE BLEND 50#",PIGEON,https://s3-us-west-1.amazonaws.com/seedfactory/original_images/015939458501.jpg,https://s3-us-west-1.amazonaws.com/seedfactory/original_images/015939458501+raw.nef
"",46150,"","","","","","W.F. 11% PIGEON POPCORN 50#","PIGEON CTM","",""
"",46225,"","","","","","PIGEON 12% SELECT 25#",PIGEON,"",""
"",46250,"","POPCORN BLENDS","12% SELECT (Popcorn)",50,"","PIGEON 12% SELECT W/POPCORN",PIGEON,"",""
"",46250,"","POPCORN BLENDS","12% SELECT (Popcorn)",50,"","PIGEON 12% SELECT W/POPCORN",PIGEON,"",""
"",46275,"","","","","","GEORGE'S 12% PIGEON MIX  75#","PIGEON CTM","",""
"",46350,"","","","","","JOE'S PIGEON 50#","PIGEON CTM","",""
"",46450,"","POPCORN BLENDS","14% DELUXE (Popcorn)",50,pigeon,"PIGEON 14% DELUXE W/POPCORN",PIGEON,"",""
"",46450,"","POPCORN BLENDS","14% DELUXE (Popcorn)",50,pigeon,"PIGEON 14% DELUXE W/POPCORN",PIGEON,"",""
"",46450,"","POPCORN BLENDS","14% DELUXE (Popcorn)",50,pigeon,"PIGEON 14% DELUXE W/POPCORN",PIGEON,"",""
"",46500,"","POPCORN BLENDS","15% RACE (Popcorn)",50,pigeon,"PIGEON 15% RACE W/POPCORN",PIGEON,"",""
"",46550,"","POPCORN BLENDS","16% GOLD (Popcorn)",50,pigeon,"PIGEON 16%  GOLD W/POPCORN",PIGEON,"",""
"",46550,"","POPCORN BLENDS","16% GOLD (Popcorn)",50,pigeon,"PIGEON 16%  GOLD W/POPCORN",PIGEON,"",""
"",46750,"","POPCORN BLENDS","17.5% PLATINUM (Popcorn)",50,pigeon,"PIGEON 17.5% PLATINUM POPCORN",PIGEON,"",""
"",46750,"","POPCORN BLENDS","17.5% PLATINUM (Popcorn)",50,pigeon,"PIGEON 17.5% PLATINUM POPCORN",PIGEON,"",""
"",46750,"","POPCORN BLENDS","17.5% PLATINUM (Popcorn)",50,pigeon,"PIGEON 17.5% PLATINUM POPCORN",PIGEON,"",""
"",46850,"","POPCORN BLENDS","19% SUPREME PIGEON (Popcorn)",50,pigeon,"PIGEON 19% SUPREME 50#",PIGEON,"",""
"",46850,"","POPCORN BLENDS","19% SUPREME PIGEON (Popcorn)",50,pigeon,"PIGEON 19% SUPREME 50#",PIGEON,"",""
"",47150,"","WHOLE CORN BLENDS","11% ECONOMY (Whole Corn)",50,pigeon,"PIGEON 11% ECONOMY WH. CORN",PIGEON,"",""
"",47150,"","WHOLE CORN BLENDS","11% ECONOMY (Whole Corn)",50,pigeon,"PIGEON 11% ECONOMY WH. CORN",PIGEON,"",""
"",47200,"","NO CORN BLENDS","""12% """" No Corn""""""",50,pigeon,"PIGEON 12% 'NO CORN'  50#",PIGEON,"",""
"",47200,"","NO CORN BLENDS","""12% """" No Corn""""""",50,pigeon,"PIGEON 12% 'NO CORN'  50#",PIGEON,"",""
"",47350,"","WHOLE CORN BLENDS","13.5% STANDARD (Whole Corn)",50,pigeon,"PIGEON 13.5% STANDARD",PIGEON,"",""
"",47350,"","WHOLE CORN BLENDS","13.5% STANDARD (Whole Corn)",50,pigeon,"PIGEON 13.5% STANDARD",PIGEON,"",""
"",47500,"","","","","","NUTRIBLEND PURINA PELLET(GREEN)",PIGEON,"",""
"",47550,"","WHOLE CORN BLENDS","15% CLASSIC (Whole Corn)",50,pigeon,"PIGEON 15% CLASSIC WH. CORN",PIGEON,"",""
"",47550,"","WHOLE CORN BLENDS","15% CLASSIC (Whole Corn)",50,pigeon,"PIGEON 15% CLASSIC WH. CORN",PIGEON,"",""
"",47600,"","NO CORN BLENDS","""15.5% """"No Corn""""""",50,pigeon,"PIGEON 15.5% 'NO CORN' 50#",PIGEON,"",""
"",47600,"","NO CORN BLENDS","""15.5% """"No Corn""""""",50,pigeon,"PIGEON 15.5% 'NO CORN' 50#",PIGEON,"",""
"",47950,"","","","","","HUNT & BEHREN'S RACING PIGEON MIX 50#","PIGEON CTM","",""
"",48150,"","","","","","PURINA PIGEON 11% 50#",PURINA,"",""
"",48180,-75,"","","","","TWIN PINES BREEDER 75#","PIGEON CTM","",""
"",48200,"","","","","","ALAMO SUPER CRACK 13% 50#","PIGEON CTM","",""
"",48200,"","","","","","ALAMO SUPER CRACK 13% 50#","PIGEON CTM","",""
"",48250,"","","","","","GEORGE'S 14% PIGEON 75#","PIGEON CTM","",""
"",48275,"","","","","","GEORGE'S 19% BREEDER MIX 75#","PIGEON CTM","",""
"",48375,"","","","","","GEORGE'S ROLLER MIX 75#","PIGEON CTM","",""
"",48400,"","","","","","WHITSON NO- CORN  16.5% 50#","PIGEON CTM","",""
"",48400,"","","","","","WHITSON NO- CORN  16.5% 50#","PIGEON CTM","",""
"",48425,-50,"","","","","GREATER SEATTLE RACE MIX 50#","PIGEON CTM","",""
"",48475,"","","","","","OLD MCGOWAN ROLLER MIX 75#","PIGEON CTM","",""
"",48510,-50,"","","","","MRC MIX 50#","PIGEON CTM","",""
"",48600,-50,"","","","","HIGH POINT ROLLER MIX 50#","PIGEON CTM","",""
"",48700,-50,"","","","","HIGH POINT BREEDER CONDITIONER 50#","PIGEON CTM","",""
"",48800,-50,"","","","","HIGH POINT 16% 50#","PIGEON CTM","",""
"",48850,"","","","","","BROOKHURST 3 GRAIN MIX BULK","GAMEB CTM","",""
"",48900,-50,"","","","","HIGH POINT SHOW CONDITIONER 50#","PIGEON CTM","",""
"",49000,-50,"","","","","HIGH POINT 17% 50#","PIGEON CTM","",""
"",49050,"","","","","","JAUHAL MIX 50#","PIGEON CTM","",""
"",49090,-50,"","","","","DELTA SPEED MIX 50#","PIGEON CTM","",""
"",49130,-50,"","","","","VICTORIA'S VR15 RACING 50#","GAMEB CTM","",""
"",49140,"","","28% BREEDER PIGEON PELLETS",40,pellets,"SF 28% BREEDER PIGEON PELLET 40#",PIGEON,https://s3-us-west-1.amazonaws.com/seedfactory/original_images/015939491400.jpg,https://s3-us-west-1.amazonaws.com/seedfactory/original_images/015939491400+raw.nef
"",49570,-50,"","","","","SPECIAL L 16%","PIGEON CTM","",""
"",49650,"","","","","","EXTREME  ANIMAL  DELUXE PIGEON 13.5% 50#",ASSOCIATED,"",""
"",49850,"","","","","","J.S. WEST 14% PIGEON (POP) 50#","JS WEST","",""
"",49950,"","","","","","PERRY'S YOUNG BIRD RACE MIX 50#","PIGEON CTM","",""
"",50675,-70,"","","","","JESSE'S ROLLER MIX-COMPETITION 70#","PIGEON CTM","",""
"",50700,"","","","","","BIECHE LOFTS RACING MIX 50#","PIGEON CTM","",""
"",50750,"","","","","","BIECHE LOFTS BREED MIX 50#","PIGEON CTM","",""
"",51013,"","","","","","NUTRENA RED TAG 13% 50#",NUTRENA,"",""
"",51015,"","","","","","NUTRENA BLUE TAG 15% 50#",NUTRENA,"",""
"",51017,"","","","","","NUTRENA GOLD TAG 17% 50#",NUTRENA,"",""
"",51018,"","","","","","NUTRENA GREEN TAG 18% 50#",NUTRENA,"",""
"",51175,"","","","","","EL SOBRANTE 15% PIGEON MIX 75#","PIGEON CTM","",""
"",51275,"","","","","","MURPHY'S MIX 75#","PIGEON CTM","",""
"",51650,"","","","","","PREMIUM PIGEON 14.5% 50#",PIGEON,"",""
"",51850,"","PREMIUM PIGEON","PREMIUM PIGEON 15%**",50,pigeon,"","","",""
"",51950,"","","","","","PREMIUM PIGEON 13.5% 50#",PIGEON,"",""
"",52075,"","","","","","EL DUQUE 75#","GAMEB CTM","",""
"",52210,-75,"","","","","LEES FEED EL REY STAG MIX 75#",ECONOMY,"",""
"",52310,-50,"","","","","DIAMOND B #1 50#","GAMEB CTM","",""
"",52310,-50,"","","","","DIAMOND B #1 50#","GAMEB CTM","",""
"",52510,-50,"","","","","G FEED ASIAN MIX 50#","GAMEB CTM","",""
"",52675,"","","","","","GIRO MIX 75#","GAMEB CTM","",""
"",52750,"","","","","","TROIANO MAXIMUS MIX 50#","GAMEB CTM","",""
"",52840,-50,"","","","","GRANERO ESP. 50#","GAMEB CTM","",""
"",52875,"","","","","","SUPERIOR LOPEZ 75#","GAMEB CTM","",""
"",52900,-75,"","","","","GREENFIELD FEED GAMEBIRD 75#","GAMEB CTM","",""
"",52905,-75,"","","","","HURON GAMEBIRD 75#","GAMEB CTM","",""
"",52910,-75,"","","","","VELAZQUEZ MIX 75#","GAMEB CTM","",""
"",52950,-75,"","","","","HERRADERO MIX 75#","GAMEB CTM","",""
"",53000,-75,"","","","","BRENTWOOD GAMEBIRD 75#","GAMEB CTM","",""
"",53010,-75,"","","","","FRANCISCO'S MIX 75#",ECONOMY,"",""
"",53020,-75,"","","","","BRENTWOOD EL REY STAG MIX 75#",ECONOMY,"",""
"",53030,-50,"","","","","GALLO AZUL 50#","GAMEB CTM","",""
"",53075,"","","","","","FARMERSVILLE 75#","GAMEB CTM","",""
"",53150,"","","","","","CHRIS' SCRATCH 50#","GAMEB CTM","",""
"",53180,-75,"","","","","OCOTLAN GAMEBIRD 75#","GAMEB CTM","",""
"",53350,"","","","","","TOP GUN/EL PATRON GAMEBIRD 50#","GAMEB CTM","",""
"",53375,"","","","","","GALLO ROJO 75#","GAMEB CTM","",""
"",53400,-75,"","","","","PEREZ GAMEBIRD 75#","GAMEB CTM","",""
"",53410,-75,"","","","","PEREZ GAMEBIRD CRACKED CORN 75#","GAMEB CTM","",""
"",53610,-50,"","","","","ALY'S GAMEBIRD MIX 50#","GAMEB CTM","",""
"",53700,"","","","","","ALVARO'S MIX 75#","GAMEB CTM","",""
"",53710,-75,"","","","","MARTINEZ GAMEBIRD 75#","GAMEB CTM","",""
"",53750,"","","","","","SANTO'S TURBIO SUPERIOR 50#","GAMEB CTM","",""
"",53810,-50,"","","","","SANTOS PREMIUM SCRATCH 50#","GAMEB CTM","",""
"",53820,-50,"","","","","SANTOS SPECIAL MIX 50#","GAMEB CTM","",""
"",53830,-75,"","","","","SANTOS EL REY STAG MIX 75#",ECONOMY,"",""
"",53840,-75,"","","","","SANTOS EL REY STAG CRACKED CORN 75#",ECONOMY,"",""
"",53910,-75,"","","","","ESTRADA GAMEBIRD 75#","GAMEB CTM","",""
"",53920,-75,"","","","","EL GALLO ROJO 75#","GAMEB CTM","",""
"",53975,"","","","","","EL PRIMO 75#","GAMEB CTM","",""
"",54675,"","","","","","TONAYA'S #1  SCRATCH 75#","GAMEB CTM","",""
"",54710,-75,"","","","","TONAYA'S SPECIAL SCRATCH 75#","GAMEB CTM","",""
"",54775,-75,"","","","","TONAYA GOLD CRACKED CORN 75#","GAMEB CTM","",""
"",54775,-75,"","","","","TONAYA GOLD CRACKED CORN 75#","GAMEB CTM","",""
"",55275,"","","","","","TONAYA SUPREME 75#","GAMEB CTM","",""
"",55280,-75,"","","","","TONAYA SUPREME NO OATS 75#","GAMEB CTM","",""
"",55470,"","","","","","COLD STEEL GAMEBIRD NO MILO 70#","GAMEB CTM","",""
"",55471,-70,"","","","","COLD STEEL #2 70#","GAMEB CTM","",""
"",55472,-50,"","","","","SLICE & DICE 50#","GAMEB CTM","",""
"",55750,"","","","","","HI VIGOR GAMEBIRD CONDITIONER 50#","GAMEB CTM","",""
"",56475,-50,"","","","","ROBINSON'S SUMMER MIX 50#","GAMEB CTM","",""
"",56475,-50,"","","","","ROBINSON'S SUMMER MIX 50#","GAMEB CTM","",""
"",57100,-75,"","","","","CALIFORNIA HAY BARN GAMEBIRD 75#","GAMEB CTM","",""
"",57110,-50,"","","","","LOS PRIMOS THE PLAYER 50#","GAMEB CTM","",""
"",57115,-50,"","","","","LOS PRIMOS 17.5% SUPREME 50#","GAMEB CTM","",""
"",57120,-50,"","","","","LOS PRIMOS HIGH GAMER 50#","GAMEB CTM","",""
"",57125,-75,"","","","","LOS PRIMOS GALLO ALEGRE #1 75#","GAMEB CTM","",""
"",57130,-75,"","","","","LOS PRIMOS GALLO ALEGRE #2 75#","GAMEB CTM","",""
"",57135,-75,"","","","","LOS PRIMOS 15.5% DELUXE 75#","GAMEB CTM","",""
"",57140,-75,"","","","","JDMN GAMEBIRD 75#",ECONOMY,"",""
"",57145,-75,"","","","","LOS PRIMOS EL REY STAG MIX  W/POPCORN 75#",ECONOMY,"",""
"",57175,"","","","","","POL'S MIX 75#","GAMEB CTM","",""
"",57300,"","","","","","STANLEY MIX #1 75#","GAMEB CTM","",""
"",57310,-75,"","","","","HERNANDEZ EL REY STAG MIX 75#",ECONOMY,"",""
"",57350,"","","","","","SPECIAL 'K' 50#","PIGEON CTM","",""
"",57650,"","","","","","EXTREME SCRATCH PLUS 50#",ASSOCIATED,"",""
"",57900,-75,"","","","","CIPPIE'S GAMEBIRD 75#","GAMEB CTM","",""
"",57900,-75,"","","","","CIPPIE'S GAMEBIRD 75#","GAMEB CTM","",""
"",57900,"","","","","","COUNTRY JUNCTION GAMEBIRD BULK","GAMEB CTM","",""
"",57900,"","","","","","COUNTRY JUNCTION GAMEBIRD BULK","GAMEB CTM","",""
"",57920,-75,"","","","","CARRASCO MIX 75#","GAMEB CTM","",""
"",57950,"","","","","","SUPREMO GAMEBIRD 50#","GAMEB CTM","",""
"",57975,"","","","","","FRANK'S CONDITIONER 75#","GAMEB CTM","",""
"",58050,"","","GAMEBIRD MAINTENANCE CONDITIONER",50,GAMEBIRD,"GAMEBIRD CONDITIONER 50#","GAME BIRD","",""
"",58075,"","","TMC ",75,GAMEBIRD,"TMC GAMEBIRD 75#","GAME BIRD","",""
"",58100,"","","","","","HAYWAGON MIX 50#","GAMEB CTM","",""
"",58110,-75,"","","","","HAY WAGON EL REY STAG MIX 75#",ECONOMY,"",""
"",58120,-50,"","","","","JOSE GUERRERO 12.5% CLASSIC 50#","GAME BIRD","",""
"",58130,-50,"PREMIUM GAMEBIRD","JOSE GUERRERO 19.5% ",50,GAMEBIRD,"JOSE GUERRERO 19.5% CONDITIONER 50#","GAMEB CTM","",""
"",58130,-50,"PREMIUM GAMEBIRD","JOSE GUERRERO 19.5% ",50,GAMEBIRD,"JOSE GUERRERO 19.5% CONDITIONER 50#","GAMEB CTM","",""
"",58130,-75,"","","","","DIEGO'S GAMEBIRD 75#","GAMEB CTM","",""
"",58130,-75,"","","","","DIEGO'S GAMEBIRD 75#","GAMEB CTM","",""
"",58140,-50,"","","","","PALENQUE MIX 50#","GAMEB CTM","",""
"",58150,"","PREMIUM GAMEBIRD","JOSE GUERRERO 15.5%",50,GAMEBIRD,"JOSE GUERERRO 15.5% DELUXE  50#","GAME BIRD","",""
"",58300,-75,"","","","","OD FEEDS WINTER BLEND 75#","GAMEB CTM","",""
"",58310,-75,"","","","","LA PINATA  MIX 75#","GAMEB CTM","",""
"",58315,-75,"","","","","JR'S LA PINATA 75#","GAMEB CTM","",""
"",58320,-75,"","","","","OD FEED EL REY STAG MIX 75#",ECONOMY,"",""
"",58330,-75,"","","","","MIGUEL'S SUPREMO MIX 75#","GAMEB CTM","",""
"",58350,"","PREMIUM GAMEBIRD","JOSE GUERRERO 17.5%",50,GAMEBIRD,"JOSE GUERRERO 17.5% SUPREME 50#","GAME BIRD","",""
"",58370,-75,"","","","","DIAMONTE PLUS 75#","GAMEB CTM","",""
"",58450,"","","","","","CANDE'S MIX 70#","GAMEB CTM","",""
"",58510,-75,"","","","","EL REY MENDOCINO MIX 75#",ECONOMY,"",""
"",58550,"","","","","","EVAN'S WILD WING 50#","WILDB CTM","",""
"",58575,"","","","","","VITA-MIX GOLD 75#","GAMEB CTM","",""
"",58600,-50,"","","","","GALLO EXTRTEMO CONDITIONING MIX 50#","GAMEB CTM","",""
"",58650,"","","","","","NUTRENA CALIENTE 15% GAME BIRD 50#",NUTRENA,"",""
"",58700,"","","","","","NUTRENA CALIENTE 18% GAMEBIRD 50#",NUTRENA,"",""
"",58750,"","","","","","NUTRENA CALIENTE 12% GAME BIRD  50#",NUTRENA,"",""
"",58850,"","","SCRATCH DE ORO",50,GAMEBIRD,"","","",""
"",58875,"","","SCRATCH DE ORO",75,GAMEBIRD,"","","",""
"",58900,"","","","","","NUTRENA SLASHER MIX 13.25% 50#",NUTRENA,"",""
"",58925,-50,"","","","","KELLY'S GAMEBIRD MIX 50#",NUTRENA,"",""
"",58950,"","","","","","NUTRENA GUAMZALES MIX 50#",NUTRENA,"",""
"",59000,"","","","","","NUTRENA SUPERBIRD MIX 50#",NUTRENA,"",""
"",59000,"","","","","","NUTRENA SUPERBIRD MIX 50#",NUTRENA,"",""
"",59040,-75,"","","","","CJ FARMS MONEY MIX 75#","GAMEB CTM","",""
"",59045,-75,"","","","","CJ FARMS MONEY MIX CRACKED CORN 75#","GAMEB CTM","",""
"",59050,"","","","","","NUTRENA PACIFIC GAMEBIRD MIX 50#",NUTRENA,"",""
"",59075,"","","","","","CIPPIE'S SPECIAL BLEND 75#","GAMEB CTM","",""
"",59080,-75,"","","","","COUNTRY JUNCTION EL REY STAG MIX 75#",ECONOMY,"",""
"",59085,-50,"","","","","JOHNNY JUMPER'S HIGH PERFORMANCE 50#","GAMEB CTM","",""
"",59090,-75,"","","","","COUNTRY JUNCTION EL REY STAG MIX CRACKED CORN 75#",ECONOMY,"",""
"",59100,-75,"","","","","ROLANATOR GAMEBIRD MIX 75#","GAMEB CTM","",""
"",59175,"","","","","","JIM PADILLA GAMEBIRD 75#","GAMEB CTM","",""
"",59250,"","","","","","PURINA TIGRE ROJO 50#",PURINA,"",""
"",59275,"","","","","","H.S.F-10 MIX 75#","GAMEB CTM","",""
"",59310,-50,"","","","","OASIS GAMEBIRD 50#","GAMEB CTM","",""
"",59350,"","","","","","MEXX MIXX #50","GAMEB CTM","",""
"",59350,"","","","","","MEXX MIXX #50","GAMEB CTM","",""
"",59400,"","","","","","FREE BIRD GAMEBIRD  (BULK)","GAMEB CTM","",""
"",59410,-75,"","","","","FEATHER HAVEN EL REY 75#",ECONOMY,"",""
"",59475,"","","","","","WOODLAKE SUPREME MIX 75#","GAMEB CTM","",""
"",59500,-75,"","","","","ROCHA'S SUMMER GAMEBIRD MIX 75#","GAMEB CTM","",""
"",59500,-75,"","","","","ROCHA'S SUMMER GAMEBIRD MIX 75#","GAMEB CTM","",""
"",59510,-75,"","","","","ROCHA'S WINTER GAMEBIRD 75#","GAMEB CTM","",""
"",59575,"","","","","","GEORGE'S GAMEBIRD MIX 75#","GAMEB CTM","",""
"",59650,"","","","","","FARM SUPPLY  SANTA MARIA MIX 50#","GAMEB CTM","",""
"",59700,-50,"","","","","J.S. WEST CONDITIONER MIX 50#","JS WEST","",""
"",59710,-50,"","","","","J.S. WEST SCRATCH PLUS 50#","JS WEST","",""
"",59750,"","","","","","J.S. WEST GAMEBIRD 50#","JS WEST","",""
"",59800,-75,"","","","","VSF GAMEBIRD (CRACKED CORN) 75#","GAMEB CTM","",""
"",59800,-75,"","","","","VSF GAMEBIRD (CRACKED CORN) 75#","GAMEB CTM","",""
"",59810,-75,"","","","","KEITH CARGILL GAMEBIRD 75#","GAMEB CTM","",""
"",59850,"","","","","","FARM SUPPLY GALLO FINO MIX 50#","GAMEB CTM","",""
"",59870,"","","","","","EVAN'S GAMEBIRD 70#","GAMEB CTM","",""
"",59875,"","","TMC (CRACKED CORN)",75,GAMEBIRD,"TMC GAMEBIRD (CRACKED CORN) 75#","GAME BIRD",https://s3-us-west-1.amazonaws.com/seedfactory/original_images/015939598757.jpg,https://s3-us-west-1.amazonaws.com/seedfactory/original_images/015939598757+raw.nef
"",59980,-75,"","","","","MEAD VALLEY FEED SUPREME MIX #1","GAMEB CTM","",""
"",60050,"","",TMC,50,GAMEBIRD,"TMC 50#","GAME BIRD","",""
"",60102,"","","CANARY DIET",6/2,"BIRD'S DELIGHT","CANARY DIET 6/2#","CAGE BIRD","",""
"",60102,"","","CANARY DIET",6/2,"BIRD'S DELIGHT","CANARY DIET 6/2#","CAGE BIRD","",""
"",60102,"","","CANARY DIET",6/2,"BIRD'S DELIGHT","CANARY DIET 6/2#","CAGE BIRD","",""
"",60120,"","","CANARY DIET",20,"BIRD'S DELIGHT","","","",""
"",60120,"","","CANARY DIET",20,"BIRD'S DELIGHT","","","",""
"",60140,"","","CANARY DIET",40,"BIRD'S DELIGHT","CANARY DIET 40#","CAGE BIRD","",""
"",60205,"","","PARAKEET 25%",5/5,"BIRD'S DELIGHT","PARAKEET 25%  5/5#","CAGE BIRD",https://s3-us-west-1.amazonaws.com/seedfactory/original_images/015939602058.jpg,https://s3-us-west-1.amazonaws.com/seedfactory/original_images/015939602058+raw.nef
"",60220,"","","CANARY ROLLER",20,"BIRD'S DELIGHT","CANARY ROLLER 20#","CAGE BIRD",https://s3-us-west-1.amazonaws.com/seedfactory/original_images/015939602201.jpg,https://s3-us-west-1.amazonaws.com/seedfactory/original_images/015939602201+raw.nef
"",60220,"","","CANARY ROLLER",20,"BIRD'S DELIGHT","CANARY ROLLER 20#","CAGE BIRD",https://s3-us-west-1.amazonaws.com/seedfactory/original_images/015939602201.jpg,https://s3-us-west-1.amazonaws.com/seedfactory/original_images/015939602201+raw.nef
"",60240,"","","CANARY ROLLER",40,"BIRD'S DELIGHT","CANARY ROLLER 40#","CAGE BIRD","",""
"",60300,-40,"","","","","J.S. WEST COCKATIEL PLUS 40#","JS WEST","",""
"",60302,"","","COCKATIEL FANCY (Sunflower)",6/2,"BIRD'S DELIGHT","COCKATIEL FANCY 6/2#","CAGE BIRD","",""
"",60302,"","","COCKATIEL FANCY (Sunflower)",6/2,"BIRD'S DELIGHT","COCKATIEL FANCY 6/2#","CAGE BIRD","",""
"",60305,"","","COCKATIEL FANCY (Sunflower)",5/5,"BIRD'S DELIGHT","COCKATIEL FANCY 5/5#","CAGE BIRD","",""
"",60305,"","","COCKATIEL FANCY (Sunflower)",5/5,"BIRD'S DELIGHT","COCKATIEL FANCY 5/5#","CAGE BIRD","",""
"",60320,"","","COCKATIEL FANCY (Sunflower)",20,"BIRD'S DELIGHT","COCKATIEL FANCY 20#","CAGE BIRD",https://s3-us-west-1.amazonaws.com/seedfactory/original_images/015939603208.jpg,https://s3-us-west-1.amazonaws.com/seedfactory/original_images/015939603208+raw.nef
"",60320,"","","COCKATIEL FANCY (Sunflower)",20,"BIRD'S DELIGHT","COCKATIEL FANCY 20#","CAGE BIRD",https://s3-us-west-1.amazonaws.com/seedfactory/original_images/015939603208.jpg,https://s3-us-west-1.amazonaws.com/seedfactory/original_images/015939603208+raw.nef
"",60340,"","","COCKATIEL FANCY (Sunflower)",40,"BIRD'S DELIGHT","COCKATIEL FANCY 40#","CAGE BIRD","",""
"",60502,"","","COCKATIEL/ LOVEBIRD PREMIUM",6/2,"BIRD'S DELIGHT","COCKATIEL/LOVEBIRD PREM 6/2#","CAGE BIRD","",""
"",60502,"","","COCKATIEL/ LOVEBIRD PREMIUM",6/2,"BIRD'S DELIGHT","COCKATIEL/LOVEBIRD PREM 6/2#","CAGE BIRD","",""
"",60502,"","","COCKATIEL/ LOVEBIRD PREMIUM",6/2,"BIRD'S DELIGHT","COCKATIEL/LOVEBIRD PREM 6/2#","CAGE BIRD","",""
"",60505,"","","COCKATIEL/ LOVEBIRD PREMIUM",5/5,"BIRD'S DELIGHT","COCKATIEL/LOVEBIRD PREM 5/5#","CAGE BIRD","",""
"",60505,"","","COCKATIEL/ LOVEBIRD PREMIUM",5/5,"BIRD'S DELIGHT","COCKATIEL/LOVEBIRD PREM 5/5#","CAGE BIRD","",""
"",60505,"","","COCKATIEL/ LOVEBIRD PREMIUM",5/5,"BIRD'S DELIGHT","COCKATIEL/LOVEBIRD PREM 5/5#","CAGE BIRD","",""
"",60520,"","","COCKATIEL/ LOVEBIRD PREMIUM",20,"BIRD'S DELIGHT","COCKATIEL/ LOVEBIRD PREMIUM 20#","CAGE BIRD","",""
"",60520,"","","COCKATIEL/ LOVEBIRD PREMIUM",20,"BIRD'S DELIGHT","COCKATIEL/ LOVEBIRD PREMIUM 20#","CAGE BIRD","",""
"",60540,"","","COCKATIEL/ LOVEBIRD PREMIUM",40,"BIRD'S DELIGHT","COCKATIEL/ LOVEBIRD PREMIUM 40#","CAGE BIRD","",""
"",60604,"","","DOVE & QUAIL",6/4,"WILD BIRD","DOVE & QUAIL 6/4#",WILDBIRD,"",""
"",60620,"","","DOVE & QUAIL",20,"WILD BIRD","DOVE & QUAIL 20#",WILDBIRD,https://s3-us-west-1.amazonaws.com/seedfactory/original_images/015939606209.jpg,https://s3-us-west-1.amazonaws.com/seedfactory/original_images/015939606209+raw.nef
"",60620,"","","DOVE & QUAIL",20,"WILD BIRD","DOVE & QUAIL 20#",WILDBIRD,https://s3-us-west-1.amazonaws.com/seedfactory/original_images/015939606209.jpg,https://s3-us-west-1.amazonaws.com/seedfactory/original_images/015939606209+raw.nef
"",60640,"","","DOVE & QUAIL",40,"WILD BIRD","DOVE & QUAIL 40#",WILDBIRD,"",""
"",60702,"","","FINCH MIX FANCY",6/2,"BIRD'S DELIGHT","FINCH 6/2#","CAGE BIRD","",""
"",60702,"","","FINCH MIX FANCY",6/2,"BIRD'S DELIGHT","FINCH 6/2#","CAGE BIRD","",""
"",60720,"","","FINCH MIX FANCY",20,"BIRD'S DELIGHT","FINCH MIX FANCY 20#","CAGE BIRD",https://s3-us-west-1.amazonaws.com/seedfactory/original_images/015939607206.jpg,https://s3-us-west-1.amazonaws.com/seedfactory/original_images/015939607206+raw.nef
"",60740,"","","FINCH MIX FANCY",40,"BIRD'S DELIGHT","FINCH MIX FANCY 40#","CAGE BIRD","",""
"",60850,"","","","","","PRASTER FINCH PREMIUM 50#","CAGEB CTM","",""
"",60902,"","","GUINEA PIG PELLETS",6/2,"SMALL ANIMAL","GUINEA PIG PELLETS 6/2#","SM ANIMAL","",""
"",60950,"","","GUINEA PIG PELLETS",50,"SMALL ANIMAL","GUINEA PIG PELLETS 50#","SM ANIMAL","",""
"",61002,"","","F G CANARY / FINCH","6/ 2#","FEATHERGLOW  DIETS ","F.G. CANARY/FINCH 6/2#",FEATHER,https://s3-us-west-1.amazonaws.com/seedfactory/original_images/070789610028.jpg,https://s3-us-west-1.amazonaws.com/seedfactory/original_images/070789610028+raw.nef
"",61020,"","","F G CANARY / FINCH",20#,"FEATHERGLOW  DIETS ","F.G. CANARY/FINCH 20#",FEATHER,"",""
"",61104,"","",HAMSTER/RODENT,6/4,"SMALL ANIMAL","HAMSTER MIX 6/4#","SM ANIMAL","",""
"",61140,"","",HAMSTER/RODENT,40,"SMALL ANIMAL","HAMSTER/RODENT MIX 40#","SM ANIMAL","",""
"",61140,"","",HAMSTER/RODENT,40,"SMALL ANIMAL","HAMSTER/RODENT MIX 40#","SM ANIMAL","",""
"",61260,"","","LIMESTONE GRIT",50,"BIRD GRIT","""LIMESTONE GRIT 50#""",GRIT,"",""
"",61304,"","","F G SMALL  HOOKBILL","6/ 4#","FEATHERGLOW  DIETS ","F.G. SM HOOKBILL 6/4#",FEATHER,https://s3-us-west-1.amazonaws.com/seedfactory/original_images/070789613043.jpg,https://s3-us-west-1.amazonaws.com/seedfactory/original_images/070789613043+raw.nef
"",61320,"","","F G SMALL  HOOKBILL",20#,"FEATHERGLOW  DIETS ","F.G. SM HOOKBILL 20#",FEATHER,"",""
"",61325,"","","""MINERAL GRIT GREY""",25,"BIRD GRIT","""GRIT GREY MINERAL 25#""",GRIT,"",""
"",61402,"","","""MINERAL GRIT GREY""",6/2,"BIRD GRIT","""GRIT GREY MINERAL 6/2#""",GRIT,"",""
"",61425,"","","""BIRD HEALTH GRIT BLUE""",25,"BIRD GRIT","""GRIT BLUE HEALTH 25#""",GRIT,"",""
"",61501,"","","F G MEALWORMS","6/10 oz","FEATHERGLOW  DIETS ","F.G. MEALWORMS 6/10 OZ",FEATHER,https://s3-us-west-1.amazonaws.com/seedfactory/original_images/070789615010.jpg,https://s3-us-west-1.amazonaws.com/seedfactory/original_images/070789615010+raw.nef
"",61620,"","","WC PIGEON GRIT RED",20,"BIRD GRIT","PIGEON GRIT MINERALIZED W/CHARCOAL 20#",GRIT,"",""
"",61670,"","","WC PIGEON GRIT RED",50,"BIRD GRIT","PIGEON GRIT MINERALIZED W/CHARCOAL 50#",GRIT,"",""
"",61702,"","","F G PARAKEET","6/ 2#","FEATHERGLOW  DIETS ","F.G. PARAKEET 6/2#",FEATHER,https://s3-us-west-1.amazonaws.com/seedfactory/original_images/070789617027.jpg,https://s3-us-west-1.amazonaws.com/seedfactory/original_images/070789617027+raw.nef
"",61703,"","","PARROT SUNFLOWER PREMIUM",6/3,"BIRD'S DELIGHT","","","",""
"",61703,"","","PARROT SUNFLOWER PREMIUM",6/3,"BIRD'S DELIGHT","","","",""
"",61720,"","","","","","F.G. PARAKEET 20#",FEATHER,"",""
300,61820,"","","PARROT SUNFLOWER PREMIUM",20,"BIRD'S DELIGHT","PARROT SUNFLOWER PREMIUM 20#","CAGE BIRD",https://s3-us-west-1.amazonaws.com/seedfactory/original_images/015939618202.jpg,https://s3-us-west-1.amazonaws.com/seedfactory/original_images/015939618202+raw.nef
"",61903,"","","PARROT SAFFLOWER",6/3,"BIRD'S DELIGHT","PARROT SAFFLOWER 6/3#","CAGE BIRD","",""
"",61903,"","","PARROT SAFFLOWER",6/3,"BIRD'S DELIGHT","PARROT SAFFLOWER 6/3#","CAGE BIRD","",""
"",61920,"","","PARROT SAFFLOWER",20,"BIRD'S DELIGHT","PARROT SAFFLOWER 20#","CAGE BIRD",https://s3-us-west-1.amazonaws.com/seedfactory/original_images/015939619209.jpg,https://s3-us-west-1.amazonaws.com/seedfactory/original_images/015939619209+raw.nef
"",61940,"","","PARROT SAFFLOWER",40,"BIRD'S DELIGHT","PARROT SAFFLOWER 40#","CAGE BIRD","",""
"",61940,"","","PARROT SAFFLOWER",40,"BIRD'S DELIGHT","PARROT SAFFLOWER 40#","CAGE BIRD","",""
"",62002,"","","PARAKEET 25%",6/2,"BIRD'S DELIGHT","PARAKEET 25% 6/2#","CAGE BIRD","",""
"",62002,"","","PARAKEET 25%",6/2,"BIRD'S DELIGHT","PARAKEET 25% 6/2#","CAGE BIRD","",""
"",62120,"","","PARAKEET 25%",20,"BIRD'S DELIGHT","PARAKEET 25% 20#","CAGE BIRD","",""
"",62140,"","","PARAKEET 25%",40,"BIRD'S DELIGHT","PARAKEET 25% 40#","CAGE BIRD","",""
"",62220,"","","PARAKEET 42%",20,"BIRD'S DELIGHT","PARAKEET 42% 20#","CAGE BIRD",https://s3-us-west-1.amazonaws.com/seedfactory/original_images/015939622209.jpg,https://s3-us-west-1.amazonaws.com/seedfactory/original_images/015939622209+raw.nef
"",62240,"","","PARAKEET 42%",40,"BIRD'S DELIGHT","PARAKEET 42% 40#","CAGE BIRD","",""
"",62504,"","","F G LARGE  PARROT","6/ 4#","FEATHERGLOW  DIETS ","F.G. LG PARROT 6/4#",FEATHER,https://s3-us-west-1.amazonaws.com/seedfactory/original_images/070789625046.jpg,https://s3-us-west-1.amazonaws.com/seedfactory/original_images/070789625046+Raw.nef
"",62505,"","","F G LARGE  PARROT",20#,"FEATHERGLOW  DIETS ","RABBIT PELLETS 5/5#","SM ANIMAL","",""
"",62520,"","","","","","F.G. LG PARROT 20#",FEATHER,"",""
"",62520,"","","","","","F.G. LG PARROT 20#",FEATHER,"",""
"",62550,"","","","","","RABBIT PELLETS 50#","SM ANIMAL","",""
"",62650,"","","MOUSE DIET (BREEDER PAK)",50,"SMALL ANIMAL","MOUSE DIET 50#","SM ANIMAL","",""
"",62704,"","","F G PARROT  TREAT","6/ 4#","FEATHERGLOW  DIETS ","F.G. PARROT TREAT 6/4#",FEATHER,https://s3-us-west-1.amazonaws.com/seedfactory/original_images/070789627040.jpg,https://s3-us-west-1.amazonaws.com/seedfactory/original_images/070789627040+raw.nef
"",62720,"","","F G PARROT  TREAT",20#,"FEATHERGLOW  DIETS ","F.G. PARROT TREAT 20#",FEATHER,"",""
"",62750,"","","","","","PET CENTER COCKATIEL VIT. 50#","CAGEB CTM","",""
"",62801,"","","F G RED FACTOR EGGFOOD",6/1.#,"FEATHERGLOW  DIETS ","F.G. GOURMET RED FACTOR EGGFOOD 6/1#",FEATHER,https://s3-us-west-1.amazonaws.com/seedfactory/original_images/070789628016.jpg,https://s3-us-west-1.amazonaws.com/seedfactory/original_images/070789628016+raw.nef
"",62815,"","","F G RED FACTOR EGGFOOD",15#,"FEATHERGLOW  DIETS ","F.G. GOURMET RED FACTOR EGGFOOD 15#",FEATHER,"",""
"",62850,"","","","","","PET CENTER PARAKEET 44% 50#","CAGEB CTM","",""
"",62901,"","","F G GOURMET EGGFOOD","6/ 1#","FEATHERGLOW  DIETS ","F.G. GOURMET EGGFOOD 6/1#",FEATHER,https://s3-us-west-1.amazonaws.com/seedfactory/original_images/070789629013.jpg,https://s3-us-west-1.amazonaws.com/seedfactory/original_images/070789629013+raw.nef
"",62915,"","","F G GOURMET EGGFOOD",15#,"FEATHERGLOW  DIETS ","F.G. GOURMET EGGFOOD 15#",FEATHER,"",""
"",62920,"","","","","","J.S. WEST PREMIUM RABBIT 20#","JS WEST","",""
"",63003,"","","","","","F.G. NUT N LIKE IT 6/3#",FEATHER,"",""
"",63120,"","","WILD BIRD PREMIUM (No Sun)",20,"WILD BIRD","WILD BIRD PREM 20#",WILDBIRD,https://s3-us-west-1.amazonaws.com/seedfactory/original_images/015939631200.jpg,https://s3-us-west-1.amazonaws.com/seedfactory/original_images/015939631200+raw.nef
"",63140,"","","WILD BIRD PREMIUM (No Sun)",40,"WILD BIRD","WILD BIRD PREM 40#",WILDBIRD,"",""
"",63225,"","","","","","NESBITT PARAKEET 25% 25#","CAGEB CTM","",""
"",63350,"","","","","","NORTHERN STAR DOVE & QUAIL 50#","WILDB CTM","",""
"",63404,"","","RABBIT PELLETS W/ TIMOTHY HAY",6/4,"SMALL ANIMAL","RABBIT PELLETS 6/4#","SM ANIMAL","",""
"",63420,"","","RABBIT PELLETS W/ TIMOTHY HAY",20,"SMALL ANIMAL","","","",""
"",63440,"","","RABBIT PELLETS W/ TIMOTHY HAY",40,"SMALL ANIMAL","RABBIT PELLETS 40#","SM ANIMAL","",""
"",63502,"","","F G FANCY  SOAK & SIMMER","6/ 2#","FEATHERGLOW  DIETS ","F.G. FANCY SOAK & SIMMER 6/2#",FEATHER,https://s3-us-west-1.amazonaws.com/seedfactory/original_images/070789635021.jpg,https://s3-us-west-1.amazonaws.com/seedfactory/original_images/070789635021+raw.nef
"",63520,"","","F G FANCY  SOAK & SIMMER",20#,"FEATHERGLOW  DIETS ","F.G. FANCY SOAK & SIMMER 20#",FEATHER,"",""
"",63540,"","","","","","BREEDING DREAMS' LG HOOKBILL MIX 40#","CAGEB CTM","",""
"",64002,"","","BIRDEEZ BUFFET","6/ 2#","fEATHERGLOW  DIETS ","F.G. BIRDEEZ BUFFET 6/2#",FEATHER,"",""
"",64015,"","","BIRDEEZ BUFFET",15#,"fEATHERGLOW  DIETS ","F.G. BIRDEEZ BUFFET 15#",FEATHER,https://s3-us-west-1.amazonaws.com/seedfactory/original_images/070789640155.jpg,https://s3-us-west-1.amazonaws.com/seedfactory/original_images/070789640155+raw.nef
"",64050,"","","","","","JOE'S AVIARY MIX 50#","CAGEB CTM","",""
"",64450,"","","OYSTER SHELL Flour",50,"BIRD GRIT","OYSTER SHELL FLOUR 50#",GRIT,https://s3-us-west-1.amazonaws.com/seedfactory/original_images/015939644500.jpg,https://s3-us-west-1.amazonaws.com/seedfactory/original_images/015939644500+raw.nef
"",64502,"","","F G FRUIT & NUT GOODIES","6/ 2#","FEATHERGLOW  DIETS ","F.G. FRUIT & NUT GOODIES 6/2#",FEATHER,https://s3-us-west-1.amazonaws.com/seedfactory/original_images/070789645020.jpg,https://s3-us-west-1.amazonaws.com/seedfactory/original_images/070789645020+raw.nef
"",64515,"","","F G FRUIT & NUT GOODIES",15#,"FEATHERGLOW  DIETS ","F.G. FRUIT & NUT GOODIES 15#",FEATHER,"",""
"",64550,"","","OYSTER SHELL Pigeon",50,"BIRD GRIT","OYSTER SHELL PIGEON 50#",GRIT,"",""
"",64650,"","","OYSTER SHELL Cage",50,"BIRD GRIT","OYSTER SHELL CAGE BLEND 50#",GRIT,"",""
"",64750,"","","OYSTER SHELL Lay",50,"BIRD GRIT","OYSTER SHELL LAY 50#",GRIT,https://s3-us-west-1.amazonaws.com/seedfactory/original_images/015939647500.jpg,https://s3-us-west-1.amazonaws.com/seedfactory/original_images/015939647500+raw.nef
"",64802,"","","OYSTER SHELL Grow",6/2,"BIRD GRIT","OYSTER SHELL CAGE 6/2#",GRIT,"",""
"",64850,"","","OYSTER SHELL Grow",50,"BIRD GRIT","OYSTER SHELL GROW #50",GRIT,"",""
"",64950,"","","WC SUPER GRIT GARLIC",50,"BIRD GRIT","SUPER GRIT/GARLIC  50#",GRIT,"",""
"",65150,"","","","","","SQUAB PRODUCERS DELUXE GRIT 50#",GRIT,"",""
"",65201,"","","""BIRD HEALTH GRIT BLUE""",6/2,"BIRD GRIT","""GRIT BLUE HEALTH 6/2#""",GRIT,"",""
"",65405,"","","PREMIUM SQUIRREL & WILDLIFE ",5/5,"PREMIUM WILD BIRD","PREM SQUIRREL & W/LIFE 5/5#",PREMIUM,"",""
"",65415,"","","PREMIUM SQUIRREL & WILDLIFE ",15,"PREMIUM WILD BIRD","PREM SQUIRREL & WILD MIX 15#",PREMIUM,https://s3-us-west-1.amazonaws.com/seedfactory/original_images/015939654156.jpg,https://s3-us-west-1.amazonaws.com/seedfactory/original_images/015939654156+raw.nef
"",65515,"","","","","","RAINBOW DELIGHT MINI 15#",SINGLE,"",""
"",65615,"","","","","","RAINBOW DELIGHT SMALL 15#",SINGLE,"",""
"",65702,"","","","","","RAINBOW DELIGHT MED 6/1.5#",SINGLE,https://s3-us-west-1.amazonaws.com/seedfactory/original_images/070789657020.jpg,https://s3-us-west-1.amazonaws.com/seedfactory/original_images/070789657020+raw.nef
"",65715,"","","","","","RAINBOW DELIGHT MEDIUM 15#",SINGLE,"",""
"",67350,"","","","","","W.C.S. CANARY/FINCH 50#","VK SPECIAL","",""
"",70002,"","",CANARY,6/2,"NATURE'S FEAST VITAMIZED","N.F. CANARY 6/2#",NATURES,"",""
"",70020,"","",CANARY,20,"NATURE'S FEAST VITAMIZED","N.F. CANARY 20#",NATURES,https://s3-us-west-1.amazonaws.com/seedfactory/original_images/015939700204.jpg,https://s3-us-west-1.amazonaws.com/seedfactory/original_images/015939700204+raw.nef
"",70020,"","",CANARY,20,"NATURE'S FEAST VITAMIZED","N.F. CANARY 20#",NATURES,https://s3-us-west-1.amazonaws.com/seedfactory/original_images/015939700204.jpg,https://s3-us-west-1.amazonaws.com/seedfactory/original_images/015939700204+raw.nef
"",70102,"","",COCKATIEL,6/2,"NATURE'S FEAST VITAMIZED","N.F. COCKATIEL 6/2#",NATURES,https://s3-us-west-1.amazonaws.com/seedfactory/original_images/015939701027.jpg,https://s3-us-west-1.amazonaws.com/seedfactory/original_images/015939701027+raw.nef
"",70105,"","",COCKATIEL,5/5,"NATURE'S FEAST VITAMIZED","N.F. COCKATIEL 5/5#",NATURES,"",""
"",70120,"","",COCKATIEL,20,"NATURE'S FEAST VITAMIZED","N.F. COCKATIEL 20#",NATURES,"",""
"",70202,"","","FINCH ",6/2,"NATURE'S FEAST VITAMIZED","N.F. FINCH 6/2#",NATURES,"",""
"",70220,"","","FINCH ",20,"NATURE'S FEAST VITAMIZED","N.F. FINCH 20#",NATURES,https://s3-us-west-1.amazonaws.com/seedfactory/original_images/015939702208.jpg,https://s3-us-west-1.amazonaws.com/seedfactory/original_images/015939702208+raw.nef
"",70302,"","",PARAKEET,6/2,"NATURE'S FEAST VITAMIZED","N.F. PARAKEET 6/2#",NATURES,"",""
"",70305,"","",PARAKEET,5/5,"NATURE'S FEAST VITAMIZED","N.F. PARAKEET 5/5#",NATURES,"",""
"",70320,"","",PARAKEET,20,"NATURE'S FEAST VITAMIZED","N.F. PARAKEET 20#",NATURES,"",""
"",70403,"","","LG. PARROT (Safflower)",6/3.5,"NATURE'S FEAST VITAMIZED","N.F. LG  PARROT SAFF 6/3.5#",NATURES,"",""
"",70420,"","","LG. PARROT (Safflower)",20,"NATURE'S FEAST VITAMIZED","N.F. LG. PARROT SAFF 20#",NATURES,https://s3-us-west-1.amazonaws.com/seedfactory/original_images/015939704202.jpg,https://s3-us-west-1.amazonaws.com/seedfactory/original_images/015939704202+raw.nef
"",70503,"","","LG. HOOKBILL (Sunflower)",6/3,"NATURE'S FEAST VITAMIZED","N.F. LG HOOKBILL (SUN) 6/3#",NATURES,"",""
"",70520,"","","LG. HOOKBILL (Sunflower)",20,"NATURE'S FEAST VITAMIZED","N.F. LG HOOKBILL SUNF 20#",NATURES,https://s3-us-west-1.amazonaws.com/seedfactory/original_images/015939705209.jpg,https://s3-us-west-1.amazonaws.com/seedfactory/original_images/015939705209+raw.nef
"",70602,"","","SMALL HOOKBILL",6/2,"NATURE'S FEAST VITAMIZED","N.F. SM HOOKBILL 6/2#",NATURES,"",""
"",70605,"","","SMALL HOOKBILL",5/5,"NATURE'S FEAST VITAMIZED","N.F. SM HOOKBILL 5/5#",NATURES,"",""
"",70620,"","","SMALL HOOKBILL",20,"NATURE'S FEAST VITAMIZED","N.F. SM HOOKBILL 20#",NATURES,https://s3-us-west-1.amazonaws.com/seedfactory/original_images/015939706206.jpg,https://s3-us-west-1.amazonaws.com/seedfactory/original_images/015939706206+raw.nef
"",70701,"","","RED EGG FOOD ",6/1,"NATURE'S FEAST VITAMIZED","N.F. RED EGGFOOD 6/1#",NATURES,"",""
"",70715,"","","RED EGG FOOD ",15,"NATURE'S FEAST VITAMIZED","N.F. RED EGGFOOD 15#",NATURES,"",""
"",70801,"","","YELLOW EGG FOOD",6/1,"NATURE'S FEAST VITAMIZED","N.F. YELLOW EGGFOOD 6/1#",NATURES,"",""
"",70815,"","","YELLOW EGG FOOD",15,"NATURE'S FEAST VITAMIZED","N.F. YELLOW EGGFOOD 15#",NATURES,"",""
"",71004,"","","GUINEA  PIG  GOURMET","6/ 4#","SMALL ANIMAL ","VK GUINEA PIG GOURMET 6/4#","VK SM ANIM",https://s3-us-west-1.amazonaws.com/seedfactory/original_images/070789710049.jpg,https://s3-us-west-1.amazonaws.com/seedfactory/original_images/070789710049+raw.nef
"",71008,"","","GUINEA  PIG  GOURMET",5/8#,"SMALL ANIMAL ","VK GUINEA PIG GOURMET 5/8#","VK SM ANIM","",""
"",71020,"","","GUINEA  PIG  GOURMET",20#,"SMALL ANIMAL ","VK GUINEA PIG GOURMET 20#","VK SM ANIM","",""
"",71320,"","","","","","WBU SELECT BLEND 20#",WB_INV,"",""
"",71320,"","","","","","WBU SELECT BLEND 20#",WB_INV,"",""
"",71504,"","","GUINEA  PIG  PELLETS","6/ 4#","SMALL ANIMAL","VK GUINEA PIG PELLETS 6/4#","VK SM ANIM",https://s3-us-west-1.amazonaws.com/seedfactory/original_images/070789715044.jpg,https://s3-us-west-1.amazonaws.com/seedfactory/original_images/070789715044+raw.nef
"",71520,"","","GUINEA  PIG  PELLETS",20#,"SMALL ANIMAL","VK GUINEA PIG PELLETS 20#","VK SM ANIM","",""
"",71620,"","","","","","WBU SUPREME BLEND 20#",WB_INV,"",""
"",71620,"","","","","","WBU SUPREME BLEND 20#",WB_INV,"",""
"",72020,"","","","","","WBU CHOICE PLUS BLEND 20#",WB_INV,"",""
"",72120,"","","","","","WBU DELUXE BLEND 20#",WB_INV,"",""
"",72120,"","","","","","WBU DELUXE BLEND 20#",WB_INV,"",""
"",72220,"","","","","","WBU 'NO MESS DP' 20#",WB_INV,"",""
"",72220,"","","","","","WBU 'NO MESS DP' 20#",WB_INV,"",""
"",72320,"","","","","","WBU WHITE DELUXE PLUS 20#",WB_INV,"",""
"",72320,"","","","","","WBU WHITE DELUXE PLUS 20#",WB_INV,"",""
"",72420,"","","","","","WBU NO MESS LM 20#",WB_INV,"",""
"",72520,"","","","","","WBU WINTER BLEND 20#",WB_INV,"",""
"",72620,"","","","","","WBU FINCH BLEND",WB_INV,"",""
"",73004,"","","HAMSTER  GOURMET","6/ 4#","SMALL ANIMAL","VK HAMSTER GOURMET 6/4#","VK SM ANIM",https://s3-us-west-1.amazonaws.com/seedfactory/original_images/070789730047.jpg,https://s3-us-west-1.amazonaws.com/seedfactory/original_images/070789730047+raw.nef
"",73020,"","","HAMSTER  GOURMET",20#,"SMALL ANIMAL","VK HAMSTER GOURMET 20#","VK SM ANIM","",""
"",74304,"","","TIMOTHY HAY",6/4,"SMALL ANIMAL","TIMOTHY HAY PELLETS 6/4#","SM ANIMAL",https://s3-us-west-1.amazonaws.com/seedfactory/original_images/015939743041.jpg,https://s3-us-west-1.amazonaws.com/seedfactory/original_images/015939743041+raw.nef
"",74320,"","","TIMOTHY HAY",20,"SMALL ANIMAL","TIMOTHY HAY PELLETS 20#","SM ANIMAL","",""
"",74320,"","","TIMOTHY HAY",20,"SMALL ANIMAL","TIMOTHY HAY PELLETS 20#","SM ANIMAL","",""
"",75008,"","","","","","Handrearing Formula (19/8)","","",""
"",75010,"","","","","","Handrearing Formula (22/10)","","",""
"",75012,"","","","","","Handrearing Formula (19/12)","","",""
"",76004,"","","RABBIT  GOURMET","6/ 4#","SMALL ANIMAL","VK RABBIT GOURMET 6/4#","VK SM ANIM",https://s3-us-west-1.amazonaws.com/seedfactory/original_images/070789760044.jpg,https://s3-us-west-1.amazonaws.com/seedfactory/original_images/070789760044+raw.nef
"",76008,"","","RABBIT  GOURMET","  5/ 8#","SMALL ANIMAL","VK RABBIT GOURMET 5/8#","VK SM ANIM","",""
"",76020,"","","RABBIT  GOURMET",20#,"SMALL ANIMAL","VK RABBIT GOURMET 20#","VK SM ANIM","",""
"",77004,"","","RABBIT PELLETS W/ TIMOTHY HAY","6/ 4#","SMALL ANIMAL","VK RABBIT PELLETS 6/4#","VK SM ANIM",https://s3-us-west-1.amazonaws.com/seedfactory/original_images/070789770043.jpg,https://s3-us-west-1.amazonaws.com/seedfactory/original_images/070789770043+raw.nef
750,77007,"","","","","","","","",""
"",77020,"","","RABBIT PELLETS W/ TIMOTHY HAY",20#,"SMALL ANIMAL","VK RABBIT PELLETS 20#","VK SM ANIM","",""
"",78004,"","","RODENT  GOURMET","6/ 4#","SMALL ANIMAL","VK RODENT GOURMET 6/4#","VK SM ANIM",https://s3-us-west-1.amazonaws.com/seedfactory/original_images/070789780042.jpg,https://s3-us-west-1.amazonaws.com/seedfactory/original_images/070789780042+raw.nef
"",78020,"","","RODENT  GOURMET",20#,"SMALL ANIMAL","VK RODENT GOURMET 20#","VK SM ANIM","",""
"",78115,"","","","","","Daily Select (mini)","","",""
"",78116,"","","","","","Daily Select (small)","","",""
"",78117,"","","","","","Daily Select (medium)","","",""
"",78118,"","","","","","Daily Select (large)","","",""
"",78303,"","","RAT  &  MOUSE  MENU","6/ 3#","SMALL ANIMAL","VK RAT & MOUSE MENU 6/3#","VK SM ANIM",https://s3-us-west-1.amazonaws.com/seedfactory/original_images/070789783036.jpg,https://s3-us-west-1.amazonaws.com/seedfactory/original_images/070789783036+raw.nef
793,78310,"","","","","","","","",""
"",78313,"","","","","","African Special","","",""
"",78320,"","","RAT  &  MOUSE  MENU",20#,"SMALL ANIMAL","VK RAT & MOUSE MENU 20#","VK SM ANIM","",""
781,79115,"","","","","","","","",""
78,79116,"","","","","","","","",""
781,79117,"","","","","","","","",""
781,79118,"","","","","","","","",""
"",79124,"","","","","","Medium Breeder Select","","",""
"",79310,"","","","","","Hi-Energy Special","","",""
783,79313,"","","","","","","","",""
"",80102,"","","","","","N.F. PARAKEET 2#",NATURES,"",""
"",80120,"","","","","","","","",""
"",80133,"","","","","","""BED-O-COB 1/4"""" 1.25 CU FT""",BEDDING,"",""
"",80135,"","","","","","""BED-O-COB 1/8"""" 1.25 CU FT""",BEDDING,"",""
"",80202,"","","","","","N.F. FINCH 2#",NATURES,"",""
"",80220,"","","","","","N.F. FINCH 20#",NATURES,"",""
"",80302,"","","","","","N.F. CANARY 2#",NATURES,"",""
"",80320,"","","","","","","","",""
"",80403,"","","","","","N.F. PARROT 3.5#",NATURES,"",""
"",80420,"","","","","","","","",""
"",80505,"","","","","","N.F. COCKATIEL 5#",NATURES,"",""
"",80520,"","","","","","","","",""
4,80520,"","","","","","MELODY WILDBIRD 20#","VK SPECIAL","",""
"",80602,"","","","","","N.F. SMALL HOOKBILL 2#",NATURES,"",""
"",80605,"","","","","","N.F. SMALL HOOKBILL 5#",NATURES,"",""
"",80620,"","","","","","","","",""
"",80703,"","","","","","N.F. LARGE HOOKBILL 3#",NATURES,"",""
"",80720,"","","","","","","","",""
"",80815,"","","","","","RAT & MOUSE DIET 15#","VK SM ANIM","",""
"",80820,"","","","","","VK WILD BIRD PROMO 20# CUSTOMER LABEL","VK WILD","",""
"",80830,-20,"","BACKYARD DELIGHT",20,"WILD BIRD","BACKYARD DELIGHT 20#",WILDBIRD,"",""
"",80920,"","","","","","VK WESTERN BLEND 20#","VK WILD","",""
"",81020,"","","WESTERN SUPREME",20#,"WILD BIRD","VK WESTERN SUPREME 20#","VK WILD","",""
"",81104,"","","WILD BIRD  AUDUBON","6/ 4#","WILD BIRD","VK WILD BIRD AUDUBON 6/4#","VK WILD",https://s3-us-west-1.amazonaws.com/seedfactory/original_images/070789811043.jpg,https://s3-us-west-1.amazonaws.com/seedfactory/original_images/070789811043+raw.nef
"",81120,"","","WILD BIRD  AUDUBON",20#,"WILD BIRD","VK WILD BIRD AUDUBON 20#","VK WILD","",""
"",81204,"","","WESTERN  DOVE & QUAIL","6/ 4#","WILD BIRD","VK WESTERN DOVE & QUAIL 6/4#","VK WILD",https://s3-us-west-1.amazonaws.com/seedfactory/original_images/070789812040.jpg,https://s3-us-west-1.amazonaws.com/seedfactory/original_images/070789812040+raw.nef
"",81220,"","","WESTERN  DOVE & QUAIL",20#,"WILD BIRD","VK WESTERN DOVE & QUAIL 20#","VK WILD","",""
"",81304,"","","WILD FINCH FAVORITE","6/ 4#","WILD BIRD","VK WILD FINCH FAVORITE 6/4#","VK WILD","",""
"",81404,"","","WILD BIRD  PREMIUM","6/ 4#","WILD BIRD","VK WILDBIRD PREMIUM 6/4#","VK WILD",https://s3-us-west-1.amazonaws.com/seedfactory/original_images/070789814044.jpg,https://s3-us-west-1.amazonaws.com/seedfactory/original_images/070789814044+raw.nef
"",81420,"","","WILD BIRD  PREMIUM",20#,"WILD BIRD","VK WILDBIRD PREMIUM 20#","VK WILD","",""
"",81504,"","","WILD BIRD  ULTRA","6/ 4#","WILD BIRD","VK WILD BIRD ULTRA 6/4#","VK WILD",https://s3-us-west-1.amazonaws.com/seedfactory/original_images/070789815041.jpg,https://s3-us-west-1.amazonaws.com/seedfactory/original_images/070789815041+raw.nef
"",81520,"","","WILD BIRD  ULTRA",20#,"WILD BIRD","VK WILD BIRD ULTRA 20#","VK WILD","",""
"",81604,"","","WESTERN  NO-WASTE MIX","6/ 4#","WILD BIRD","VK WESTERN NO WASTE 6/4#","VK WILD",https://s3-us-west-1.amazonaws.com/seedfactory/original_images/070789816048.jpg,https://s3-us-west-1.amazonaws.com/seedfactory/original_images/070789816048+raw.nef
"",81620,"","","WESTERN  NO-WASTE MIX",20#,"WILD BIRD","VK WESTERN NO-WASTE MIX 20#","VK WILD","",""
"",81708,"","","HENNY PENNY TREAT",5/8,"HENNY PENNY","HENNY PENNY TREAT 5/8#","VK SPECIAL",https://s3-us-west-1.amazonaws.com/seedfactory/original_images/070789817083.jpg,https://s3-us-west-1.amazonaws.com/seedfactory/original_images/070789817083+raw.nef
"",81715,"","","HENNY PENNY TREAT",15,"HENNY PENNY","HENNY PENNY TREAT 15#","VK SPECIAL","",""
"",81908,"","","HENNY PENNY SCRATCH",8#,"HENNY PENNY","HENNY PENNY SCRATCH 8#","VK SPECIAL","",""
"",81915,"","","HENNY PENNY SCRATCH",15,"HENNY PENNY","HENNY PENNY SCRATCH 15#","VK SPECIAL",https://s3-us-west-1.amazonaws.com/seedfactory/original_images/070789819155.jpg,https://s3-us-west-1.amazonaws.com/seedfactory/original_images/070789819155+raw.nef
"",82208,"","","HENNY PENNY LAYER BLEND",5/8,"HENNY PENNY","HENNY PENNY LAYER PELLET BLEND 5/8#","VK SPECIAL",https://s3-us-west-1.amazonaws.com/seedfactory/original_images/070789822087.jpg,https://s3-us-west-1.amazonaws.com/seedfactory/original_images/070789822087+raw.nef
"",82215,"","","HENNY PENNY LAYER BLEND",15,"HENNY PENNY","HENNY PENNY LAYER PELLET BLEND 15#","VK SPECIAL","",""
"",82301,"","","HENNY PENNY MEALWORMS",6/1.25,"HENNY PENNY","HENNY PENNY MEALWORMS 6/1.25#","VK SPECIAL",https://s3-us-west-1.amazonaws.com/seedfactory/original_images/070789823015.jpg,https://s3-us-west-1.amazonaws.com/seedfactory/original_images/070789823015+raw.nef
"",82315,"","","HENNY PENNY SCRATCH BLOCK",15,"HENNY PENNY","HENNY PENNY SCRATCH BLOCK 15#","GAME BIRD","",""
"",83004,"","","SQUIRREL GOURMET MIX","6/ 4#","SMALL ANIMAL","VK SQUIRREL GOURMET 6/4#","VK WILD",https://s3-us-west-1.amazonaws.com/seedfactory/original_images/070789830044.jpg,https://s3-us-west-1.amazonaws.com/seedfactory/original_images/070789830044+raw.nef
"",83015,"","","SQUIRREL GOURMET MIX",15#,"SMALL ANIMAL","VK SQUIRREL GOURMET 15#","VK WILD","",""
"",83504,"","","SQUIRREL NUT DELIGHT MIX","6/ 4#","SMALL ANIMAL","VK SQUIRREL NUT DELIGHT 6/4#","VK WILD",https://s3-us-west-1.amazonaws.com/seedfactory/original_images/070789835049.jpg,https://s3-us-west-1.amazonaws.com/seedfactory/original_images/070789835049+raw.nef
"",83515,"","","SQUIRREL NUT DELIGHT MIX",15#,"SMALL ANIMAL","VK SQUIRREL NUT DELIGHT 15#","VK WILD","",""
"",83515,"","","SQUIRREL NUT DELIGHT MIX",15#,"SMALL ANIMAL","VK SQUIRREL NUT DELIGHT 15#","VK WILD","",""
"",83804,S,"","","","","","","",""
"",83815,"","","","","","","","",""
4,84020,"","","","","","FRIZELLE ENOS WILDBIRD PREMIUM 20#","VK SPECIAL","",""
4,84025,"","","","","","FRIZELLE ENOS WILDBIRD PREMIUM 25#","VK SPECIAL","",""
"",85005,"","","","","","CUTTLEBONE 8'-10' 5#",OTHER,"",""
"",85010,L,"","","","","","","",""
"",85025,L,"","","","","","","",""
"",85105,"","","","","","CUTTLEBONE 6'-8' 5#",OTHER,"",""
"",85125,"","","","","","CUTTLEBONE 6'-8' 25#",OTHER,"",""
"",85201,"","","""CUTTLE BONE 6-8""""""",5,"CAGED BIRD PRODUCTS","","","",""
"",85205,"","","""CUTTLE BONE 4-6""""""",5,"CAGED BIRD PRODUCTS","CUTTLEBONE 4'-6' 5#",OTHER,"",""
"",85225,"","","","","","CUTTLEBONE 4'-6' 25#",OTHER,"",""
"",89005,"","","","","","ROGUE DELUXE 6/5# (ALL PURPOSE MIX)",ROGUE,"",""
"",89020,"","","","","","ROGUE DELUXE 20# (ALL PURPOSE)",ROGUE,"",""
"",89040,"","","","","","ROGUE DELUXE 40# (ALL PURPOSE)",ROGUE,"",""
"",89105,"","","","","","ROGUE DOVE & QUAIL 6/5#",ROGUE,"",""
"",89120,"","","","","","ROGUE DOVE & QUAIL 20#",ROGUE,"",""
"",89140,"","","","","","ROGUE DOVE & QUAIL 40#",ROGUE,"",""
"",89205,"","","","","","ROGUE CHICKADEE PLUS 6/5# (MILLET FREE)",ROGUE,"",""
"",89220,"","","","","","ROGUE CHICKADEE PLUS 20# (MILLET FREE)",ROGUE,"",""
"",89305,"","","","","","ROGUE NO WASTE 6/5#",ROGUE,"",""
"",89320,"","","","","","ROGUE NO WASTE 20#",ROGUE,"",""
"",89340,"","","","","","ROGUE NO WASTE 40#",ROGUE,"",""
"",89362,"","","","","","ROGUE MEALWORMS 6/2.5#",ROGUE,"",""
"",89404,"","","","","","ROGUE PEANUTS SHELLED 6/4#",ROGUE,"",""
"",89505,"","","","","","ROGUE PREMIUM 6/5#",ROGUE,"",""
"",89520,"","","","","","ROGUE PREMIUM 20#",ROGUE,"",""
"",89540,"","","","","","ROGUE PREMIUM 40#",ROGUE,"",""
"",89705,"","","","","","ROGUE SELECT 6/5# (GROUND FEEDER MIX)",ROGUE,"",""
"",89720,"","","","","","ROGUE SELECT 20# (GROUND FEEDER MIX)",ROGUE,"",""
"",89740,"","","","","","ROGUE SELECT 40# (GROUND FEEDER MIX)",ROGUE,"",""
"",89805,"","","","","","ROGUE NATURE'S BEST 6/5#",ROGUE,"",""
"",89820,"","","","","","ROGUE NATURE'S BEST 20#",ROGUE,"",""
"",89905,"","","","","","ROGUE WILD FINCH 6/5#",ROGUE,"",""
"",89920,"","","","","","ROGUE WILD FINCH 20#",ROGUE,"",""
"",90001,"","","","","","","","",""
"",90003,"","","","","","","","",""
"",90160,"","","MINERAL BLOCKS SM. 48 each",3.5,"CAGED BIRD PRODUCTS","""MINERAL BLOCKS M 48/BX""",OTHER,"",""
"",90170,"","","MINERAL BLOCKS LG. 48 each",19,"CAGED BIRD PRODUCTS","""MINERAL BLOCKS LG 48/BX""",OTHER,"",""
"",95001,"","","PETAMINE STARTER PACK",6/1.5,PETAMINE,"PETAMINE STARTER PACK 6/1.5#",PETAMINE,"",""
"",95020,"","","PETAMINE ADULT",20,PETAMINE,"PETAMINE ADULT 20#",PETAMINE,https://s3-us-west-1.amazonaws.com/seedfactory/original_images/070789950209.jpg,https://s3-us-west-1.amazonaws.com/seedfactory/original_images/070789950209+raw.nef
"",95102,"","","PETAMINE BREEDER",6/1.5,PETAMINE,"PETAMINE BREEDER 6/1.5#",PETAMINE,"",""
"",95120,"","","PETAMINE BREEDER",20,PETAMINE,"PETAMINE BREEDER 20#",PETAMINE,https://s3-us-west-1.amazonaws.com/seedfactory/original_images/070789951206.jpg,https://s3-us-west-1.amazonaws.com/seedfactory/original_images/070789951206+raw.nef
"",95202,"","","PETAMINE NESTLING",6/1.5,PETAMINE,"PETAMINE NESTLING 6/1.5#",PETAMINE,"",""
"",95220,"","","PETAMINE NESTLING",20,PETAMINE,"PETAMINE NESTLING 20#",PETAMINE,https://s3-us-west-1.amazonaws.com/seedfactory/original_images/070789952203.jpg,https://s3-us-west-1.amazonaws.com/seedfactory/original_images/070789952203+raw.nef
"",95302,"","","PETAMINE SONGFOOD",6/1.5,PETAMINE,"PETAMINE SONGFOOD 6/1.5#",PETAMINE,"",""
"",95320,"","","PETAMINE SONGFOOD",20,PETAMINE,"","",https://s3-us-west-1.amazonaws.com/seedfactory/original_images/070789953200.jpg,https://s3-us-west-1.amazonaws.com/seedfactory/original_images/070789953200+raw.nef
"",96150,"","","18% MAINTENANCE PIGEON PELLETS",50,pellets,"SF 18% MAINTENANCE PIGEON PELLET 50#",PIGEON,"",""
"",97020,"","","","","","NUTRENA CANARY MIX 20#",NUTRENA,"",""
"",97120,"","","","","","NUTRENA COCKATIE/SM.HOOK 20#",NUTRENA,"",""
"",97140,"","","","","","NUTRENA COCKATIE/SM.HOOK 40#",NUTRENA,"",""
"",97320,"","","","","","NUTRENA DOVE & QUAIL 20#",NUTRENA,"",""
"",97340,"","","","","","NUTRENA DOVE & QUAIL 40#",NUTRENA,"",""
"",97420,"","","","","","NUTRENA FINCH MIX 20#",NUTRENA,"",""
"",97440,"","","","","","NUTRENA FINCH MIX 40#",NUTRENA,"",""
"",97520,"","","","","","NUTRENA PARAKEET 25% 20#",NUTRENA,"",""
"",97540,"","","","","","NUTRENA PARAKEET 25% 40#",NUTRENA,"",""
"",97625,"","","","","","NUTRENA PARROT SUNFLOWER 25#",NUTRENA,"",""
"",97740,"","","","","","NUTRENA LG. HOOK(NO SUN) 40#",NUTRENA,"",""
"",97850,"","","","","","NUTRENA SPECIAL RODENT MIX 50#",NUTRENA,"",""
"",98000,"","","","","","EAGLE 50/50 MIX","EAGLE MILL","",""
"",98000,"","","","","","EAGLE 50/50 MIX","EAGLE MILL","",""
"",99500,-40,"","","","","EAGLE RAMSEY CANYON MIX 40#","EAGLE MILL","",""
"",99800,-40,"","","","","EAGLE HOOKBILL MAGNUM 40#","EAGLE MILL","",""
